Date,Nationwide,Seoul
2008-04-14 00:00:00+00:00,0.0013,0.0025
2008-04-21 00:00:00+00:00,0.0019,0.0027
2008-04-28 00:00:00+00:00,0.0014000000000000002,0.002
2008-05-05 00:00:00+00:00,0.0013,0.0019
2008-05-12 00:00:00+00:00,0.0012,0.0018
2008-05-19 00:00:00+00:00,0.0011,0.0012
2008-05-26 00:00:00+00:00,0.001,0.0011
2008-06-02 00:00:00+00:00,0.0011,0.0011
2008-06-09 00:00:00+00:00,0.0012,0.001
2008-06-16 00:00:00+00:00,0.0011,0.0007000000000000001
2008-06-23 00:00:00+00:00,0.001,0.001
2008-06-30 00:00:00+00:00,0.0007000000000000001,0.0006
2008-07-07 00:00:00+00:00,0.0008,0.0004
2008-07-14 00:00:00+00:00,0.0007000000000000001,0.0005
2008-07-21 00:00:00+00:00,0.0006,0.0002
2008-07-28 00:00:00+00:00,0.0002,0.0
2008-08-04 00:00:00+00:00,0.0002,-0.0001
2008-08-11 00:00:00+00:00,0.0002,-0.0002
2008-08-18 00:00:00+00:00,0.0004,-0.0001
2008-08-25 00:00:00+00:00,0.0006,0.0003
2008-09-01 00:00:00+00:00,0.0005,0.0
2008-09-08 00:00:00+00:00,0.0005,0.0001
2008-09-15 00:00:00+00:00,0.0002,-0.0001
2008-09-22 00:00:00+00:00,0.0003,-0.0002
2008-09-29 00:00:00+00:00,0.0002,-0.0004
2008-10-06 00:00:00+00:00,-0.0003,-0.0009
2008-10-13 00:00:00+00:00,-0.0008,-0.0016
2008-10-20 00:00:00+00:00,-0.0013,-0.002
2008-10-27 00:00:00+00:00,-0.0016,-0.0025
2008-11-03 00:00:00+00:00,-0.0012,-0.0021
2008-11-10 00:00:00+00:00,-0.0012,-0.0019
2008-11-17 00:00:00+00:00,-0.0013,-0.0028000000000000004
2008-11-24 00:00:00+00:00,-0.0016,-0.0029
2008-12-01 00:00:00+00:00,-0.0017000000000000001,-0.0029
2008-12-08 00:00:00+00:00,-0.0021,-0.0042
2008-12-15 00:00:00+00:00,-0.002,-0.0036
2008-12-22 00:00:00+00:00,-0.0024,-0.0043
2008-12-29 00:00:00+00:00,-0.0016,-0.0025
2009-01-05 00:00:00+00:00,-0.0015,-0.0016
2009-01-12 00:00:00+00:00,-0.0012,-0.0007000000000000001
2009-01-19 00:00:00+00:00,-0.001,-0.0005
2009-02-02 00:00:00+00:00,-0.0009,0.0
2009-02-09 00:00:00+00:00,-0.0007000000000000001,-0.0013
2009-02-16 00:00:00+00:00,-0.0004,0.0001
2009-02-23 00:00:00+00:00,-0.0004,0.0001
2009-03-02 00:00:00+00:00,-0.0007000000000000001,-0.0008
2009-03-09 00:00:00+00:00,-0.0008,-0.0009
2009-03-16 00:00:00+00:00,-0.0005,-0.0009
2009-03-23 00:00:00+00:00,-0.0002,-0.0001
2009-03-30 00:00:00+00:00,0.0,0.0006
2009-04-06 00:00:00+00:00,0.0002,0.001
2009-04-13 00:00:00+00:00,0.0005,0.0021
2009-04-20 00:00:00+00:00,0.0004,0.0005
2009-04-27 00:00:00+00:00,0.0002,0.0003
2009-05-04 00:00:00+00:00,0.0003,0.0003
2009-05-11 00:00:00+00:00,0.0005,0.0006
2009-05-18 00:00:00+00:00,0.0003,0.0006
2009-05-25 00:00:00+00:00,0.0003,0.0005
2009-06-01 00:00:00+00:00,0.0004,0.001
2009-06-08 00:00:00+00:00,0.0006,0.0008
2009-06-15 00:00:00+00:00,0.0008,0.0021
2009-06-22 00:00:00+00:00,0.0006,0.0018
2009-06-29 00:00:00+00:00,0.0009,0.0026
2009-07-06 00:00:00+00:00,0.0011,0.0029
2009-07-13 00:00:00+00:00,0.0008,0.0015
2009-07-20 00:00:00+00:00,0.0006,0.0011
2009-07-27 00:00:00+00:00,0.0008,0.0011
2009-08-03 00:00:00+00:00,0.0006,0.0008
2009-08-10 00:00:00+00:00,0.0012,0.0021
2009-08-17 00:00:00+00:00,0.0013,0.0018
2009-08-24 00:00:00+00:00,0.0016,0.0026
2009-08-31 00:00:00+00:00,0.0019,0.0034000000000000002
2009-09-07 00:00:00+00:00,0.0018,0.0023
2009-09-14 00:00:00+00:00,0.0014000000000000002,0.0017000000000000001
2009-09-21 00:00:00+00:00,0.0014000000000000002,0.0018
2009-09-28 00:00:00+00:00,0.0011,0.0008
2009-10-05 00:00:00+00:00,0.0009,0.0007000000000000001
2009-10-12 00:00:00+00:00,0.0008,0.0003
2009-10-19 00:00:00+00:00,0.0008,0.0004
2009-10-26 00:00:00+00:00,0.0009,0.0001
2009-11-02 00:00:00+00:00,0.0005,0.0001
2009-11-09 00:00:00+00:00,0.0006,-0.0003
2009-11-16 00:00:00+00:00,0.0005,-0.0005
2009-11-23 00:00:00+00:00,0.0006,0.0
2009-11-30 00:00:00+00:00,0.0003,-0.0001
2009-12-07 00:00:00+00:00,0.0005,-0.0001
2009-12-14 00:00:00+00:00,0.0003,-0.0001
2009-12-21 00:00:00+00:00,0.0003,0.0
2009-12-28 00:00:00+00:00,0.0003,0.0001
2010-01-04 00:00:00+00:00,0.0003,0.0002
2010-01-11 00:00:00+00:00,0.0006,0.0005
2010-01-18 00:00:00+00:00,0.0006,0.0003
2010-01-25 00:00:00+00:00,0.0008,0.0009
2010-02-01 00:00:00+00:00,0.001,0.0006
2010-02-08 00:00:00+00:00,0.001,0.0006
2010-02-15 00:00:00+00:00,0.0004,0.0003
2010-02-22 00:00:00+00:00,0.0008,0.0002
2010-03-01 00:00:00+00:00,0.0008,0.0
2010-03-08 00:00:00+00:00,0.0007000000000000001,0.0
2010-03-15 00:00:00+00:00,0.0006,-0.0004
2010-03-22 00:00:00+00:00,0.0007000000000000001,-0.0002
2010-03-29 00:00:00+00:00,0.0006,-0.0003
2010-04-05 00:00:00+00:00,0.0005,-0.0004
2010-04-12 00:00:00+00:00,0.0003,-0.0007000000000000001
2010-04-19 00:00:00+00:00,0.0002,-0.0009
2010-04-26 00:00:00+00:00,0.0002,-0.0009
2010-05-03 00:00:00+00:00,0.0001,-0.0008
2010-05-10 00:00:00+00:00,0.0002,-0.001
2010-05-17 00:00:00+00:00,0.0,-0.0011
2010-05-24 00:00:00+00:00,-0.0001,-0.0012
2010-05-31 00:00:00+00:00,-0.0002,-0.0009
2010-06-07 00:00:00+00:00,0.0,-0.001
2010-06-14 00:00:00+00:00,-0.0002,-0.0014000000000000002
2010-06-21 00:00:00+00:00,0.0001,-0.0013
2010-06-28 00:00:00+00:00,-0.0001,-0.0015
2010-07-05 00:00:00+00:00,-0.0005,-0.0009
2010-07-12 00:00:00+00:00,-0.0006,-0.0015
2010-07-19 00:00:00+00:00,-0.0003,-0.0015
2010-07-26 00:00:00+00:00,0.0001,-0.0008
2010-08-02 00:00:00+00:00,0.0,-0.0006
2010-08-09 00:00:00+00:00,-0.0002,-0.001
2010-08-16 00:00:00+00:00,0.0,-0.0007000000000000001
2010-08-23 00:00:00+00:00,0.0002,-0.0014000000000000002
2010-08-30 00:00:00+00:00,0.0005,-0.0004
2010-09-06 00:00:00+00:00,0.0004,-0.0004
2010-09-13 00:00:00+00:00,0.0004,-0.0004
2010-09-27 00:00:00+00:00,0.0009,-0.0005
2010-10-04 00:00:00+00:00,0.0008,-0.0009
2010-10-11 00:00:00+00:00,0.001,-0.0005
2010-10-18 00:00:00+00:00,0.001,-0.0002
2010-10-25 00:00:00+00:00,0.0009,-0.0004
2010-11-01 00:00:00+00:00,0.001,-0.0004
2010-11-08 00:00:00+00:00,0.0012,-0.0001
2010-11-15 00:00:00+00:00,0.0013,0.0002
2010-11-22 00:00:00+00:00,0.0014000000000000002,0.0001
2010-11-29 00:00:00+00:00,0.0015,0.0
2010-12-06 00:00:00+00:00,0.0015,0.0002
2010-12-13 00:00:00+00:00,0.0016,0.0004
2010-12-20 00:00:00+00:00,0.0016,0.0005
2010-12-27 00:00:00+00:00,0.0016,0.0002
2011-01-03 00:00:00+00:00,0.0013,0.0005
2011-01-10 00:00:00+00:00,0.0019,0.0004
2011-01-17 00:00:00+00:00,0.0024,0.0007000000000000001
2011-01-24 00:00:00+00:00,0.0023,0.0007000000000000001
2011-02-07 00:00:00+00:00,0.0027,0.0007000000000000001
2011-02-14 00:00:00+00:00,0.0034999999999999996,0.0009
2011-02-21 00:00:00+00:00,0.0033,0.0005
2011-02-28 00:00:00+00:00,0.0027,0.0004
2011-03-07 00:00:00+00:00,0.0037,0.0003
2011-03-14 00:00:00+00:00,0.0033,0.0002
2011-03-21 00:00:00+00:00,0.0036,0.0001
2011-03-28 00:00:00+00:00,0.0032,0.0
2011-04-04 00:00:00+00:00,0.0029,-0.0001
2011-04-11 00:00:00+00:00,0.0023,0.0
2011-04-18 00:00:00+00:00,0.0021,-0.0001
2011-04-25 00:00:00+00:00,0.0022,-0.0003
2011-05-02 00:00:00+00:00,0.0021,-0.0001
2011-05-09 00:00:00+00:00,0.0017000000000000001,-0.0002
2011-05-16 00:00:00+00:00,0.0021,-0.0002
2011-05-23 00:00:00+00:00,0.0018,-0.0004
2011-05-30 00:00:00+00:00,0.0017000000000000001,-0.0002
2011-06-06 00:00:00+00:00,0.0016,-0.0003
2011-06-13 00:00:00+00:00,0.0016,-0.0002
2011-06-20 00:00:00+00:00,0.0015,-0.0004
2011-06-27 00:00:00+00:00,0.0014000000000000002,-0.0004
2011-07-04 00:00:00+00:00,0.0013,-0.0003
2011-07-11 00:00:00+00:00,0.0014000000000000002,-0.0004
2011-07-18 00:00:00+00:00,0.0016,-0.0005
2011-07-25 00:00:00+00:00,0.0014000000000000002,-0.0003
2011-08-01 00:00:00+00:00,0.0013,0.0
2011-08-08 00:00:00+00:00,0.0014000000000000002,-0.0002
2011-08-15 00:00:00+00:00,0.0013,-0.0001
2011-08-22 00:00:00+00:00,0.0016,-0.0003
2011-08-29 00:00:00+00:00,0.0015,-0.0004
2011-09-05 00:00:00+00:00,0.0017000000000000001,-0.0002
2011-09-19 00:00:00+00:00,0.0021,-0.0002
2011-09-26 00:00:00+00:00,0.0019,-0.0004
2011-10-03 00:00:00+00:00,0.0018,-0.0004
2011-10-10 00:00:00+00:00,0.0016,-0.0004
2011-10-17 00:00:00+00:00,0.0014000000000000002,-0.0005
2011-10-24 00:00:00+00:00,0.0013,-0.0002
2011-10-31 00:00:00+00:00,0.0013,-0.0004
2011-11-07 00:00:00+00:00,0.0009,-0.0003
2011-11-14 00:00:00+00:00,0.0007000000000000001,-0.0004
2011-11-21 00:00:00+00:00,0.0006,-0.0005
2011-11-28 00:00:00+00:00,0.0006,-0.0005
2011-12-05 00:00:00+00:00,0.0004,-0.0004
2011-12-12 00:00:00+00:00,0.0006,-0.0002
2011-12-19 00:00:00+00:00,0.0003,-0.0003
2011-12-26 00:00:00+00:00,0.0004,-0.0003
2012-01-02 00:00:00+00:00,0.0004,-0.0004
2012-01-09 00:00:00+00:00,0.0004,-0.0003
2012-01-16 00:00:00+00:00,0.0004,-0.0003
2012-01-30 00:00:00+00:00,0.0007000000000000001,-0.0005
2012-02-06 00:00:00+00:00,0.0006,-0.0004
2012-02-13 00:00:00+00:00,0.0006,-0.0005
2012-02-20 00:00:00+00:00,0.0005,-0.0005
2012-02-27 00:00:00+00:00,0.0006,-0.0005
2012-03-05 00:00:00+00:00,0.0004,-0.0006
2012-03-12 00:00:00+00:00,0.0004,-0.0008
2012-03-19 00:00:00+00:00,0.0003,-0.0009
2012-03-26 00:00:00+00:00,0.0004,-0.0008
2012-04-02 00:00:00+00:00,0.0003,-0.001
2012-04-09 00:00:00+00:00,0.0002,-0.0008
2012-04-16 00:00:00+00:00,0.0002,-0.0008
2012-04-23 00:00:00+00:00,0.0001,-0.0008
2012-04-30 00:00:00+00:00,0.0,-0.0006
2012-05-07 00:00:00+00:00,0.0001,-0.0006
2012-05-14 00:00:00+00:00,0.0001,-0.0005
2012-05-21 00:00:00+00:00,-0.0001,-0.0005
2012-05-28 00:00:00+00:00,-0.0002,-0.0007000000000000001
2012-06-04 00:00:00+00:00,-0.0001,-0.0009
2012-06-11 00:00:00+00:00,-0.0002,-0.0009
2012-06-18 00:00:00+00:00,-0.0002,-0.0007000000000000001
2012-06-25 00:00:00+00:00,-0.0003,-0.0012
2012-07-02 00:00:00+00:00,-0.0002,-0.0011
2012-07-09 00:00:00+00:00,-0.0002,-0.001
2012-07-16 00:00:00+00:00,-0.0006,-0.0014000000000000002
2012-07-23 00:00:00+00:00,-0.0004,-0.0011
2012-07-30 00:00:00+00:00,-0.0004,-0.0012
2012-08-06 00:00:00+00:00,-0.0004,-0.0011
2012-08-13 00:00:00+00:00,-0.0003,-0.0013
2012-08-20 00:00:00+00:00,-0.0004,-0.0014000000000000002
2012-08-27 00:00:00+00:00,-0.0005,-0.0014000000000000002
2012-09-03 00:00:00+00:00,-0.0006,-0.0019
2012-09-10 00:00:00+00:00,-0.0006,-0.0017000000000000001
2012-09-17 00:00:00+00:00,-0.0006,-0.0015
2012-09-24 00:00:00+00:00,-0.0005,-0.0017000000000000001
2012-10-08 00:00:00+00:00,-0.0003,-0.0015
2012-10-15 00:00:00+00:00,-0.0004,-0.0013
2012-10-22 00:00:00+00:00,-0.0003,-0.0011
2012-10-29 00:00:00+00:00,-0.0002,-0.0009
2012-11-05 00:00:00+00:00,-0.0002,-0.001
2012-11-12 00:00:00+00:00,-0.0002,-0.001
2012-11-19 00:00:00+00:00,-0.0002,-0.0009
2012-11-26 00:00:00+00:00,-0.0002,-0.001
2012-12-03 00:00:00+00:00,-0.0002,-0.001
2012-12-10 00:00:00+00:00,-0.0001,-0.0007000000000000001
2012-12-17 00:00:00+00:00,-0.0001,-0.0007000000000000001
2012-12-24 00:00:00+00:00,-0.0002,-0.0008
2012-12-31 00:00:00+00:00,-0.0002,-0.0009
2013-01-07 00:00:00+00:00,-0.0001,-0.0007000000000000001
2013-01-14 00:00:00+00:00,-0.0003,-0.0007000000000000001
2013-01-21 00:00:00+00:00,-0.0002,-0.0008
2013-01-28 00:00:00+00:00,-0.0003,-0.0009
2013-02-04 00:00:00+00:00,-0.0001,-0.0005
2013-02-11 00:00:00+00:00,-0.0002,-0.0004
2013-02-18 00:00:00+00:00,-0.0002,-0.0007000000000000001
2013-02-25 00:00:00+00:00,0.0,-0.0005
2013-03-04 00:00:00+00:00,-0.0001,-0.0007000000000000001
2013-03-11 00:00:00+00:00,-0.0002,-0.0007000000000000001
2013-03-18 00:00:00+00:00,-0.0001,-0.0004
2013-03-25 00:00:00+00:00,0.0001,-0.0002
2013-04-01 00:00:00+00:00,0.0001,-0.0003
2013-04-08 00:00:00+00:00,0.0001,-0.0002
2013-04-15 00:00:00+00:00,-0.0003,0.0
2013-04-22 00:00:00+00:00,-0.0001,-0.0001
2013-04-29 00:00:00+00:00,0.0,-0.0001
2013-05-06 00:00:00+00:00,0.0,-0.0001
2013-05-13 00:00:00+00:00,-0.0002,-0.0003
2013-05-20 00:00:00+00:00,-0.0003,-0.0005
2013-05-27 00:00:00+00:00,-0.0002,-0.0004
2013-06-03 00:00:00+00:00,-0.0002,-0.0006
2013-06-10 00:00:00+00:00,0.0001,-0.0005
2013-06-17 00:00:00+00:00,0.0001,-0.0005
2013-06-24 00:00:00+00:00,0.0001,-0.0004
2013-07-01 00:00:00+00:00,0.0001,-0.0004
2013-07-08 00:00:00+00:00,-0.0002,-0.0009
2013-07-15 00:00:00+00:00,-0.0003,-0.0011
2013-07-22 00:00:00+00:00,-0.0003,-0.0013
2013-07-29 00:00:00+00:00,-0.0002,-0.001
2013-08-05 00:00:00+00:00,-0.0001,-0.0004
2013-08-12 00:00:00+00:00,0.0,-0.0002
2013-08-19 00:00:00+00:00,0.0001,-0.0001
2013-08-26 00:00:00+00:00,0.0001,-0.0002
2013-09-02 00:00:00+00:00,0.0,-0.0003
2013-09-09 00:00:00+00:00,0.0003,0.0001
2013-09-23 00:00:00+00:00,0.0005,0.0002
2013-09-30 00:00:00+00:00,0.0006,0.0001
2013-10-07 00:00:00+00:00,0.0006,0.0004
2013-10-14 00:00:00+00:00,0.0007000000000000001,0.0003
2013-10-21 00:00:00+00:00,0.0005,0.0001
2013-10-28 00:00:00+00:00,0.0005,0.0
2013-11-04 00:00:00+00:00,0.0007000000000000001,0.0
2013-11-11 00:00:00+00:00,0.0006,-0.0001
2013-11-18 00:00:00+00:00,0.0005,0.0
2013-11-25 00:00:00+00:00,0.0005,0.0
2013-12-02 00:00:00+00:00,0.0005,-0.0001
2013-12-09 00:00:00+00:00,0.0004,0.0
2013-12-16 00:00:00+00:00,0.0005,0.0001
2013-12-23 00:00:00+00:00,0.0003,0.0001
2013-12-30 00:00:00+00:00,0.0002,0.0
2014-01-06 00:00:00+00:00,0.0003,0.0001
2014-01-13 00:00:00+00:00,0.0004,0.0001
2014-01-20 00:00:00+00:00,0.0006,0.0003
2014-02-03 00:00:00+00:00,0.0006,0.0005
2014-02-10 00:00:00+00:00,0.0007000000000000001,0.0005
2014-02-17 00:00:00+00:00,0.0008,0.0005
2014-02-24 00:00:00+00:00,0.0009,0.0007000000000000001
2014-03-03 00:00:00+00:00,0.001,0.0006
2014-03-10 00:00:00+00:00,0.0008,0.0005
2014-03-17 00:00:00+00:00,0.0007000000000000001,0.0004
2014-03-24 00:00:00+00:00,0.0006,0.0003
2014-03-31 00:00:00+00:00,0.0005,0.0001
2014-04-07 00:00:00+00:00,0.0004,0.0001
2014-04-14 00:00:00+00:00,0.0003,0.0
2014-04-21 00:00:00+00:00,0.0003,-0.0001
2014-04-28 00:00:00+00:00,0.0002,-0.0001
2014-05-12 00:00:00+00:00,0.0002,-0.0001
2014-05-19 00:00:00+00:00,0.0001,-0.0004
2014-05-26 00:00:00+00:00,0.0001,-0.0003
2014-06-02 00:00:00+00:00,0.0001,-0.0002
2014-06-09 00:00:00+00:00,0.0001,-0.0001
2014-06-16 00:00:00+00:00,0.0002,-0.0001
2014-06-23 00:00:00+00:00,0.0002,0.0
2014-06-30 00:00:00+00:00,0.0002,0.0
2014-07-07 00:00:00+00:00,0.0002,0.0
2014-07-14 00:00:00+00:00,0.0003,0.0
2014-07-21 00:00:00+00:00,0.0003,0.0
2014-07-28 00:00:00+00:00,0.0003,0.0
2014-08-04 00:00:00+00:00,0.0004,0.0001
2014-08-11 00:00:00+00:00,0.0004,0.0002
2014-08-18 00:00:00+00:00,0.0006,0.0005
2014-08-25 00:00:00+00:00,0.0007000000000000001,0.0006
2014-09-01 00:00:00+00:00,0.0007000000000000001,0.0005
2014-09-15 00:00:00+00:00,0.0012,0.0015
2014-09-22 00:00:00+00:00,0.0011,0.001
2014-09-29 00:00:00+00:00,0.0008,0.0008
2014-10-06 00:00:00+00:00,0.0008,0.0006
2014-10-13 00:00:00+00:00,0.0008,0.0005
2014-10-20 00:00:00+00:00,0.0006,0.0004
2014-10-27 00:00:00+00:00,0.0006,0.0002
2014-11-03 00:00:00+00:00,0.0006,0.0002
2014-11-10 00:00:00+00:00,0.0005,0.0002
2014-11-17 00:00:00+00:00,0.0005,0.0001
2014-11-24 00:00:00+00:00,0.0005,0.0
2014-12-01 00:00:00+00:00,0.0004,0.0
2014-12-08 00:00:00+00:00,0.0004,0.0
2014-12-15 00:00:00+00:00,0.0004,0.0
2014-12-22 00:00:00+00:00,0.0003,0.0001
2014-12-29 00:00:00+00:00,0.0003,0.0002
2015-01-05 00:00:00+00:00,0.0004,0.0003
2015-01-12 00:00:00+00:00,0.0004,0.0003
2015-01-19 00:00:00+00:00,0.0005,0.0002
2015-01-26 00:00:00+00:00,0.0006,0.0004
2015-02-02 00:00:00+00:00,0.0008,0.0005
2015-02-09 00:00:00+00:00,0.0008,0.0008
2015-02-23 00:00:00+00:00,0.0007000000000000001,0.0008
2015-03-02 00:00:00+00:00,0.0011,0.0011
2015-03-09 00:00:00+00:00,0.0012,0.0014000000000000002
2015-03-16 00:00:00+00:00,0.0016,0.0015
2015-03-23 00:00:00+00:00,0.0016,0.0016
2015-03-30 00:00:00+00:00,0.0014000000000000002,0.0013
2015-04-06 00:00:00+00:00,0.0014000000000000002,0.0014000000000000002
2015-04-13 00:00:00+00:00,0.0013,0.0012
2015-04-20 00:00:00+00:00,0.0014000000000000002,0.0012
2015-04-27 00:00:00+00:00,0.0012,0.001
2015-05-04 00:00:00+00:00,0.0008,0.0006
2015-05-11 00:00:00+00:00,0.0011,0.0011
2015-05-18 00:00:00+00:00,0.0012,0.0011
2015-05-25 00:00:00+00:00,0.001,0.0009
2015-06-01 00:00:00+00:00,0.0011,0.0012
2015-06-08 00:00:00+00:00,0.001,0.0009
2015-06-15 00:00:00+00:00,0.0009,0.0008
2015-06-22 00:00:00+00:00,0.0011,0.0012
2015-06-29 00:00:00+00:00,0.0011,0.0011
2015-07-06 00:00:00+00:00,0.0012,0.0012
2015-07-13 00:00:00+00:00,0.001,0.0012
2015-07-20 00:00:00+00:00,0.0015,0.0017000000000000001
2015-07-27 00:00:00+00:00,0.0012,0.0013
2015-08-03 00:00:00+00:00,0.0007000000000000001,0.001
2015-08-10 00:00:00+00:00,0.0011,0.0014000000000000002
2015-08-17 00:00:00+00:00,0.0012,0.0015
2015-08-24 00:00:00+00:00,0.0011,0.0013
2015-08-31 00:00:00+00:00,0.0011,0.0014000000000000002
2015-09-07 00:00:00+00:00,0.0012,0.0015
2015-09-14 00:00:00+00:00,0.0012,0.0016
2015-09-21 00:00:00+00:00,0.0012,0.0015
2015-10-05 00:00:00+00:00,0.0013,0.0018
2015-10-12 00:00:00+00:00,0.0011,0.0016
2015-10-19 00:00:00+00:00,0.0011,0.0015
2015-10-26 00:00:00+00:00,0.0012,0.0016
2015-11-02 00:00:00+00:00,0.001,0.0014000000000000002
2015-11-09 00:00:00+00:00,0.0009,0.0014000000000000002
2015-11-16 00:00:00+00:00,0.0007000000000000001,0.0009
2015-11-23 00:00:00+00:00,0.0007000000000000001,0.001
2015-11-30 00:00:00+00:00,0.0005,0.0011
2015-12-07 00:00:00+00:00,0.0004,0.0006
2015-12-14 00:00:00+00:00,0.0004,0.0005
2015-12-21 00:00:00+00:00,0.0003,0.0004
2015-12-28 00:00:00+00:00,0.0002,0.0003
2016-01-04 00:00:00+00:00,0.0002,0.0002
2016-01-11 00:00:00+00:00,0.0002,0.0002
2016-01-18 00:00:00+00:00,0.0002,0.0004
2016-01-25 00:00:00+00:00,0.0002,0.0004
2016-02-01 00:00:00+00:00,0.0002,0.0003
2016-02-15 00:00:00+00:00,0.0002,0.0004
2016-02-22 00:00:00+00:00,0.0,0.0002
2016-02-29 00:00:00+00:00,0.0,0.0002
2016-03-07 00:00:00+00:00,0.0,0.0002
2016-03-14 00:00:00+00:00,0.0,0.0002
2016-03-21 00:00:00+00:00,0.0001,0.0003
2016-03-28 00:00:00+00:00,0.0,0.0003
2016-04-04 00:00:00+00:00,0.0001,0.0003
2016-04-11 00:00:00+00:00,0.0001,0.0003
2016-04-18 00:00:00+00:00,0.0002,0.0005
2016-04-25 00:00:00+00:00,0.0001,0.0005
2016-05-02 00:00:00+00:00,0.0001,0.0006
2016-05-09 00:00:00+00:00,0.0001,0.0006
2016-05-16 00:00:00+00:00,0.0002,0.0006
2016-05-23 00:00:00+00:00,0.0002,0.0008
2016-05-30 00:00:00+00:00,0.0001,0.0008
2016-06-06 00:00:00+00:00,0.0002,0.001
2016-06-13 00:00:00+00:00,0.0003,0.0014000000000000002
2016-06-20 00:00:00+00:00,0.0003,0.0014000000000000002
2016-06-27 00:00:00+00:00,0.0004,0.0015
2016-07-04 00:00:00+00:00,0.0003,0.0014000000000000002
2016-07-11 00:00:00+00:00,0.0004,0.0012
2016-07-18 00:00:00+00:00,0.0003,0.0013
2016-07-25 00:00:00+00:00,0.0003,0.0013
2016-08-01 00:00:00+00:00,0.0002,0.0008
2016-08-08 00:00:00+00:00,0.0003,0.001
2016-08-15 00:00:00+00:00,0.0004,0.0011
2016-08-22 00:00:00+00:00,0.0004,0.0012
2016-08-29 00:00:00+00:00,0.0006,0.0016
2016-09-05 00:00:00+00:00,0.0005,0.0015
2016-09-19 00:00:00+00:00,0.0006,0.0017000000000000001
2016-09-26 00:00:00+00:00,0.0007000000000000001,0.0018
2016-10-03 00:00:00+00:00,0.0007000000000000001,0.0017000000000000001
2016-10-10 00:00:00+00:00,0.0008,0.002
2016-10-17 00:00:00+00:00,0.0009,0.0021
2016-10-24 00:00:00+00:00,0.0007000000000000001,0.0016
2016-10-31 00:00:00+00:00,0.0006,0.0014000000000000002
2016-11-07 00:00:00+00:00,0.0005,0.0009
2016-11-14 00:00:00+00:00,0.0004,0.0006
2016-11-21 00:00:00+00:00,0.0003,0.0004
2016-11-28 00:00:00+00:00,0.0003,0.0003
2016-12-05 00:00:00+00:00,0.0001,0.0002
2016-12-12 00:00:00+00:00,0.0001,0.0002
2016-12-19 00:00:00+00:00,0.0001,0.0002
2016-12-26 00:00:00+00:00,0.0,0.0
2017-01-02 00:00:00+00:00,0.0,0.0001
2017-01-09 00:00:00+00:00,0.0,0.0
2017-01-16 00:00:00+00:00,0.0,0.0
2017-01-23 00:00:00+00:00,0.0,0.0
2017-01-30 00:00:00+00:00,0.0,0.0001
2017-02-06 00:00:00+00:00,0.0,0.0001
2017-02-13 00:00:00+00:00,0.0,0.0001
2017-02-20 00:00:00+00:00,0.0,0.0002
2017-02-27 00:00:00+00:00,0.0,0.0003
2017-03-06 00:00:00+00:00,0.0,0.0003
2017-03-13 00:00:00+00:00,0.0001,0.0002
2017-03-20 00:00:00+00:00,0.0001,0.0003
2017-03-27 00:00:00+00:00,0.0001,0.0003
2017-04-03 00:00:00+00:00,0.0001,0.0003
2017-04-10 00:00:00+00:00,0.0001,0.0004
2017-04-17 00:00:00+00:00,0.0001,0.0005
2017-04-24 00:00:00+00:00,0.0001,0.0005
2017-05-08 00:00:00+00:00,0.0001,0.0006
2017-05-15 00:00:00+00:00,0.0001,0.0006
2017-05-22 00:00:00+00:00,0.0002,0.0009
2017-05-29 00:00:00+00:00,0.0004,0.0013
2017-06-05 00:00:00+00:00,0.0008,0.003
2017-06-12 00:00:00+00:00,0.0008,0.0033
2017-06-19 00:00:00+00:00,0.0007000000000000001,0.0023
2017-06-26 00:00:00+00:00,0.0007000000000000001,0.0023
2017-07-03 00:00:00+00:00,0.0005,0.0016
2017-07-10 00:00:00+00:00,0.0007000000000000001,0.0023
2017-07-17 00:00:00+00:00,0.0007000000000000001,0.0026
2017-07-24 00:00:00+00:00,0.0009,0.0029
2017-07-31 00:00:00+00:00,0.0008,0.0037
2017-08-07 00:00:00+00:00,0.0003,0.0008
2017-08-14 00:00:00+00:00,0.0002,0.0005
2017-08-21 00:00:00+00:00,0.0001,0.0004
2017-08-28 00:00:00+00:00,0.0002,0.0003
2017-09-04 00:00:00+00:00,0.0001,0.0003
2017-09-11 00:00:00+00:00,0.0001,0.0004
2017-09-18 00:00:00+00:00,0.0002,0.0008
2017-09-25 00:00:00+00:00,0.0003,0.0011
2017-10-09 00:00:00+00:00,0.0002,0.001
2017-10-16 00:00:00+00:00,0.0003,0.0015
2017-10-23 00:00:00+00:00,0.0003,0.0015
2017-10-30 00:00:00+00:00,0.0003,0.0014000000000000002
2017-11-06 00:00:00+00:00,0.0004,0.0017000000000000001
2017-11-13 00:00:00+00:00,0.0003,0.0016
2017-11-20 00:00:00+00:00,0.0003,0.0015
2017-11-27 00:00:00+00:00,0.0003,0.0016
2017-12-04 00:00:00+00:00,0.0003,0.0018
2017-12-11 00:00:00+00:00,0.0003,0.0017000000000000001
2017-12-18 00:00:00+00:00,0.0003,0.0017000000000000001
2017-12-25 00:00:00+00:00,0.0004,0.0018
2018-01-01 00:00:00+00:00,0.0004,0.0018
2018-01-08 00:00:00+00:00,0.0005,0.0029
2018-01-15 00:00:00+00:00,0.0005,0.003
2018-01-22 00:00:00+00:00,0.0007000000000000001,0.0037
2018-01-29 00:00:00+00:00,0.0006,0.0029
2018-02-05 00:00:00+00:00,0.0008,0.0033
2018-02-19 00:00:00+00:00,0.001,0.0043
2018-02-26 00:00:00+00:00,0.0007000000000000001,0.003
2018-03-05 00:00:00+00:00,0.0006,0.0029
2018-03-12 00:00:00+00:00,0.0005,0.0023
2018-03-19 00:00:00+00:00,0.0005,0.0022
2018-03-26 00:00:00+00:00,0.0003,0.0019
2018-04-02 00:00:00+00:00,0.0003,0.0016
2018-04-09 00:00:00+00:00,0.0001,0.0011
2018-04-16 00:00:00+00:00,0.0002,0.0012
2018-04-23 00:00:00+00:00,0.0002,0.0011
2018-04-30 00:00:00+00:00,0.0001,0.001
2018-05-07 00:00:00+00:00,0.0001,0.0009
2018-05-14 00:00:00+00:00,0.0001,0.0009
2018-05-21 00:00:00+00:00,0.0002,0.0009
2018-05-28 00:00:00+00:00,0.0001,0.0012
2018-06-04 00:00:00+00:00,0.0002,0.001
2018-06-11 00:00:00+00:00,0.0001,0.0008
2018-06-18 00:00:00+00:00,0.0,0.0008
2018-06-25 00:00:00+00:00,0.0001,0.0008
2018-07-02 00:00:00+00:00,0.0001,0.001
2018-07-09 00:00:00+00:00,0.0001,0.0013
2018-07-16 00:00:00+00:00,0.0,0.0013
2018-07-23 00:00:00+00:00,0.0003,0.002
2018-07-30 00:00:00+00:00,0.0005,0.0024
2018-08-06 00:00:00+00:00,0.0006,0.0028000000000000004
2018-08-13 00:00:00+00:00,0.001,0.0045000000000000005
2018-08-20 00:00:00+00:00,0.0019,0.0072
2018-08-27 00:00:00+00:00,0.0027,0.0092
2018-09-03 00:00:00+00:00,0.0027,0.0095
2018-09-10 00:00:00+00:00,0.0034999999999999996,0.012
2018-09-17 00:00:00+00:00,0.0022,0.0069
2018-10-01 00:00:00+00:00,0.0018,0.0049
2018-10-08 00:00:00+00:00,0.0015,0.0038
2018-10-15 00:00:00+00:00,0.0006,0.0026
2018-10-22 00:00:00+00:00,0.0004,0.0013
2018-10-29 00:00:00+00:00,0.0003,0.001
2018-11-05 00:00:00+00:00,0.0003,0.0009
2018-11-12 00:00:00+00:00,0.0001,0.0007000000000000001
2018-11-19 00:00:00+00:00,0.0,0.0005
2018-11-26 00:00:00+00:00,0.0,0.0003
2018-12-03 00:00:00+00:00,0.0,0.0002
2018-12-10 00:00:00+00:00,-0.0001,0.0
2018-12-17 00:00:00+00:00,-0.0002,0.0
2018-12-24 00:00:00+00:00,-0.0001,-0.0001
2018-12-31 00:00:00+00:00,-0.0001,0.0
2019-01-07 00:00:00+00:00,-0.0002,-0.0001
2019-01-14 00:00:00+00:00,-0.0003,-0.0001
2019-01-21 00:00:00+00:00,-0.0003,-0.0002
2019-01-28 00:00:00+00:00,-0.0003,-0.0003
2019-02-11 00:00:00+00:00,-0.0005,-0.0004
2019-02-18 00:00:00+00:00,-0.0004,-0.0004
2019-02-25 00:00:00+00:00,-0.0005,-0.0005
2019-03-04 00:00:00+00:00,-0.0004,-0.0004
2019-03-11 00:00:00+00:00,-0.0007000000000000001,-0.0004
2019-03-18 00:00:00+00:00,-0.0007000000000000001,-0.0003
2019-03-25 00:00:00+00:00,-0.0006,-0.0004
2019-04-01 00:00:00+00:00,-0.0005,-0.0003
2019-04-08 00:00:00+00:00,-0.0003,-0.0003
2019-04-15 00:00:00+00:00,-0.0003,-0.0001
2019-04-22 00:00:00+00:00,-0.0003,-0.0003
2019-04-29 00:00:00+00:00,-0.0004,-0.0001
2019-05-06 00:00:00+00:00,-0.0003,-0.0001
2019-05-13 00:00:00+00:00,-0.0004,-0.0001
2019-05-20 00:00:00+00:00,-0.0004,-0.0003
2019-05-27 00:00:00+00:00,-0.0008,-0.0003
2019-06-03 00:00:00+00:00,-0.0005,-0.0001
2019-06-10 00:00:00+00:00,-0.0003,-0.0001
2019-06-17 00:00:00+00:00,-0.0003,0.0001
2019-06-24 00:00:00+00:00,-0.0001,0.0006
2019-07-01 00:00:00+00:00,-0.0001,0.0009
2019-07-08 00:00:00+00:00,-0.0003,0.0011
2019-07-15 00:00:00+00:00,-0.0001,0.0011
2019-07-22 00:00:00+00:00,-0.0002,0.0011
2019-07-29 00:00:00+00:00,-0.0001,0.001
2019-08-05 00:00:00+00:00,0.0,0.0011
2019-08-12 00:00:00+00:00,0.0002,0.0009
2019-08-19 00:00:00+00:00,0.0001,0.001
2019-08-26 00:00:00+00:00,0.0,0.0011
2019-09-02 00:00:00+00:00,0.0001,0.0013
2019-09-16 00:00:00+00:00,0.0,0.001
2019-09-23 00:00:00+00:00,0.0002,0.0015
2019-09-30 00:00:00+00:00,0.0003,0.0015
2019-10-07 00:00:00+00:00,0.0004,0.0013
2019-10-14 00:00:00+00:00,0.0003,0.0015
2019-10-21 00:00:00+00:00,0.0003,0.0015
2019-10-28 00:00:00+00:00,0.0003,0.0015
2019-11-04 00:00:00+00:00,0.0004,0.0014000000000000002
2019-11-11 00:00:00+00:00,0.0005,0.0013
2019-11-18 00:00:00+00:00,0.0007000000000000001,0.002
2019-11-25 00:00:00+00:00,0.0007000000000000001,0.0018
2019-12-02 00:00:00+00:00,0.0009,0.0025
2019-12-09 00:00:00+00:00,0.001,0.0024
2019-12-16 00:00:00+00:00,0.0009,0.002
2019-12-23 00:00:00+00:00,0.0011,0.0019
2019-12-30 00:00:00+00:00,0.0009,0.0017000000000000001
2020-01-06 00:00:00+00:00,0.0008,0.0014000000000000002
2020-01-13 00:00:00+00:00,0.001,0.0015
2020-01-20 00:00:00+00:00,0.0011,0.0016
2020-02-03 00:00:00+00:00,0.0017000000000000001,0.0022
2020-02-10 00:00:00+00:00,0.0017000000000000001,0.0014000000000000002
2020-02-17 00:00:00+00:00,0.0016,0.0017000000000000001
2020-02-24 00:00:00+00:00,0.0015,0.0016
2020-03-02 00:00:00+00:00,0.0012,0.0014000000000000002
2020-03-09 00:00:00+00:00,0.0016,0.0014000000000000002
2020-03-16 00:00:00+00:00,0.0013,0.0012
2020-03-23 00:00:00+00:00,0.001,0.0006
2020-03-30 00:00:00+00:00,0.0006,0.0004
2020-04-06 00:00:00+00:00,0.0005,0.0003
2020-04-13 00:00:00+00:00,0.0003,0.0002
2020-04-20 00:00:00+00:00,0.0004,0.0
2020-05-04 00:00:00+00:00,0.0003,0.0
2020-05-11 00:00:00+00:00,0.0003,0.0
2020-05-18 00:00:00+00:00,0.0006,0.0003
2020-05-25 00:00:00+00:00,0.0007000000000000001,0.0005
2020-06-01 00:00:00+00:00,0.0009,0.0008
2020-06-08 00:00:00+00:00,0.0011,0.0015
2020-06-15 00:00:00+00:00,0.0016,0.0021
2020-06-22 00:00:00+00:00,0.0031,0.0044
2020-06-29 00:00:00+00:00,0.0027,0.0049
2020-07-06 00:00:00+00:00,0.0026,0.005600000000000001
2020-07-13 00:00:00+00:00,0.0027,0.0063
2020-07-20 00:00:00+00:00,0.0024,0.0058
2020-07-27 00:00:00+00:00,0.0023,0.0053
2020-08-03 00:00:00+00:00,0.002,0.0039000000000000003
2020-08-10 00:00:00+00:00,0.0025,0.0053
2020-08-17 00:00:00+00:00,0.0021,0.0044
2020-08-24 00:00:00+00:00,0.0023,0.0043
2020-08-31 00:00:00+00:00,0.0019,0.0038
2020-09-07 00:00:00+00:00,0.0018,0.0034999999999999996
2020-09-14 00:00:00+00:00,0.002,0.0037
2020-09-21 00:00:00+00:00,0.0019,0.0028000000000000004
2020-10-05 00:00:00+00:00,0.002,0.0024
2020-10-12 00:00:00+00:00,0.0018,0.0022
2020-10-19 00:00:00+00:00,0.0025,0.0031
2020-10-26 00:00:00+00:00,0.0028000000000000004,0.003
2020-11-02 00:00:00+00:00,0.003,0.0033
2020-11-09 00:00:00+00:00,0.003,0.003
2020-11-16 00:00:00+00:00,0.0037,0.0029
2020-11-23 00:00:00+00:00,0.0043,0.0031
2020-11-30 00:00:00+00:00,0.004,0.0027
2020-12-07 00:00:00+00:00,0.004,0.0037
2020-12-14 00:00:00+00:00,0.004699999999999999,0.0036
2020-12-21 00:00:00+00:00,0.0034999999999999996,0.0038
2020-12-28 00:00:00+00:00,0.0040999999999999995,0.0045000000000000005
2021-01-04 00:00:00+00:00,0.0034000000000000002,0.0039000000000000003
2021-01-11 00:00:00+00:00,0.0040999999999999995,0.0038
2021-01-18 00:00:00+00:00,0.004,0.0039000000000000003
2021-01-25 00:00:00+00:00,0.0039000000000000003,0.0038
2021-02-01 00:00:00+00:00,0.0046,0.004
2021-02-15 00:00:00+00:00,0.0051,0.0042
2021-02-22 00:00:00+00:00,0.0048,0.0038
2021-03-01 00:00:00+00:00,0.0046,0.0034000000000000002
2021-03-08 00:00:00+00:00,0.004,0.0032
2021-03-15 00:00:00+00:00,0.0038,0.0028000000000000004
2021-03-22 00:00:00+00:00,0.004,0.0024
2021-03-29 00:00:00+00:00,0.0038,0.002
2021-04-05 00:00:00+00:00,0.0036,0.0028000000000000004
2021-04-12 00:00:00+00:00,0.0029,0.0022
2021-04-19 00:00:00+00:00,0.0033,0.0022
2021-04-26 00:00:00+00:00,0.0032,0.0028000000000000004
2021-05-03 00:00:00+00:00,0.0028000000000000004,0.0023
2021-05-10 00:00:00+00:00,0.0032,0.0028000000000000004
2021-05-17 00:00:00+00:00,0.0028000000000000004,0.0022
2021-05-24 00:00:00+00:00,0.0039000000000000003,0.0034999999999999996
2021-05-31 00:00:00+00:00,0.0038,0.0037
2021-06-07 00:00:00+00:00,0.0042,0.0038
2021-06-14 00:00:00+00:00,0.0039000000000000003,0.0033
2021-06-21 00:00:00+00:00,0.0036,0.0034000000000000002
2021-06-28 00:00:00+00:00,0.0042,0.004
2021-07-05 00:00:00+00:00,0.0034999999999999996,0.0027
2021-07-12 00:00:00+00:00,0.0038,0.0027
2021-07-19 00:00:00+00:00,0.0040999999999999995,0.0036
2021-07-26 00:00:00+00:00,0.0039000000000000003,0.0027
2021-08-02 00:00:00+00:00,0.0033,0.0023
2021-08-09 00:00:00+00:00,0.0045000000000000005,0.0038
2021-08-16 00:00:00+00:00,0.0039000000000000003,0.0034000000000000002
2021-08-23 00:00:00+00:00,0.0051,0.0045000000000000005
2021-08-30 00:00:00+00:00,0.0049,0.0040999999999999995
2021-09-06 00:00:00+00:00,0.0048,0.0045000000000000005
2021-09-13 00:00:00+00:00,0.004699999999999999,0.0038
2021-09-27 00:00:00+00:00,0.0055000000000000005,0.0044
2021-10-04 00:00:00+00:00,0.004,0.0028000000000000004
2021-10-11 00:00:00+00:00,0.0036,0.0032
2021-10-18 00:00:00+00:00,0.0042,0.0024
2021-10-25 00:00:00+00:00,0.0034999999999999996,0.0025
2021-11-01 00:00:00+00:00,0.0029,0.0022
2021-11-08 00:00:00+00:00,0.0025,0.0019
2021-11-15 00:00:00+00:00,0.0022,0.0016
2021-11-22 00:00:00+00:00,0.0019,0.0015
2021-11-29 00:00:00+00:00,0.0016,0.0014000000000000002
2021-12-06 00:00:00+00:00,0.0015,0.001
2021-12-13 00:00:00+00:00,0.0012,0.0007000000000000001
2021-12-20 00:00:00+00:00,0.0012,0.0008
2021-12-27 00:00:00+00:00,0.0009,0.0007000000000000001
2022-01-03 00:00:00+00:00,0.0005,0.0005
2022-01-10 00:00:00+00:00,0.0005,0.0003
2022-01-17 00:00:00+00:00,0.0005,0.0003
2022-01-24 00:00:00+00:00,0.0004,0.0003
2022-02-07 00:00:00+00:00,0.0004,0.0002
2022-02-14 00:00:00+00:00,0.0003,0.0001
2022-02-21 00:00:00+00:00,0.0002,0.0001
2022-02-28 00:00:00+00:00,0.0002,0.0001
2022-03-07 00:00:00+00:00,0.0002,0.0001
2022-03-14 00:00:00+00:00,0.0003,0.0001
2022-03-21 00:00:00+00:00,0.0004,0.0002
2022-03-28 00:00:00+00:00,0.0005,0.0002
2022-04-04 00:00:00+00:00,0.0005,0.0003
2022-04-11 00:00:00+00:00,0.0005,0.0004
2022-04-18 00:00:00+00:00,0.0006,0.0004
2022-04-25 00:00:00+00:00,0.0005,0.0004
2022-05-02 00:00:00+00:00,0.0005,0.0005
2022-05-09 00:00:00+00:00,0.0005,0.0004
2022-05-16 00:00:00+00:00,0.0003,0.0004
2022-05-23 00:00:00+00:00,0.0003,0.0005
2022-05-30 00:00:00+00:00,0.0001,0.0004
2022-06-06 00:00:00+00:00,0.0001,0.0003
2022-06-13 00:00:00+00:00,-0.0001,0.0002
2022-06-20 00:00:00+00:00,-0.0001,0.0002
2022-06-27 00:00:00+00:00,-0.0001,0.0
2022-07-04 00:00:00+00:00,-0.0003,0.0
2022-07-11 00:00:00+00:00,-0.0003,0.0
2022-07-18 00:00:00+00:00,-0.0005,-0.0002
2022-07-25 00:00:00+00:00,-0.0005,-0.0003
2022-08-01 00:00:00+00:00,-0.0003,-0.0001
2022-08-08 00:00:00+00:00,-0.0006,-0.0004
2022-08-15 00:00:00+00:00,-0.0005,-0.0004
2022-08-22 00:00:00+00:00,-0.0006,-0.0004
2022-08-29 00:00:00+00:00,-0.0009,-0.0007000000000000001
2022-09-05 00:00:00+00:00,-0.001,-0.0008
2022-09-19 00:00:00+00:00,-0.0022,-0.0022
2022-09-26 00:00:00+00:00,-0.0019,-0.0018
2022-10-03 00:00:00+00:00,-0.0017000000000000001,-0.0015
2022-10-10 00:00:00+00:00,-0.0016,-0.0012
2022-10-17 00:00:00+00:00,-0.0019,-0.0023
2022-10-24 00:00:00+00:00,-0.0021,-0.0021
2022-10-31 00:00:00+00:00,-0.0028000000000000004,-0.003
2022-11-07 00:00:00+00:00,-0.003,-0.0032
2022-11-14 00:00:00+00:00,-0.0045000000000000005,-0.0036
2022-11-21 00:00:00+00:00,-0.0039000000000000003,-0.0033
2022-11-28 00:00:00+00:00,-0.0032,-0.0033
2022-12-05 00:00:00+00:00,-0.0048,-0.0042
2022-12-12 00:00:00+00:00,-0.0033,-0.0036
2022-12-19 00:00:00+00:00,-0.0043,-0.0046
2022-12-26 00:00:00+00:00,-0.0037,-0.0039000000000000003
2023-01-02 00:00:00+00:00,-0.0037,-0.0033
2023-01-09 00:00:00+00:00,-0.0037,-0.0038
2023-01-16 00:00:00+00:00,-0.0038,-0.0054
2023-01-30 00:00:00+00:00,-0.004,-0.0051
2023-02-06 00:00:00+00:00,-0.0040999999999999995,-0.0039000000000000003
2023-02-13 00:00:00+00:00,-0.0036,-0.003
2023-02-20 00:00:00+00:00,-0.0036,-0.0036
2023-02-27 00:00:00+00:00,-0.0027,-0.0023
2023-03-06 00:00:00+00:00,-0.0027,-0.003
2023-03-13 00:00:00+00:00,-0.0033,-0.0029
2023-03-20 00:00:00+00:00,-0.0043,-0.0028000000000000004
2023-03-27 00:00:00+00:00,-0.0024,-0.0026
2023-04-03 00:00:00+00:00,-0.0028000000000000004,-0.0024
2023-04-10 00:00:00+00:00,-0.0019,-0.0019
2023-04-17 00:00:00+00:00,-0.0025,-0.0026
2023-04-24 00:00:00+00:00,-0.0017000000000000001,-0.0019
2023-05-01 00:00:00+00:00,-0.0013,-0.0013
2023-05-08 00:00:00+00:00,-0.0013,-0.0012
2023-05-15 00:00:00+00:00,-0.0017000000000000001,-0.0017000000000000001
2023-05-22 00:00:00+00:00,-0.0011,-0.0011
2023-05-29 00:00:00+00:00,-0.0007000000000000001,-0.0004
2023-06-05 00:00:00+00:00,-0.0007000000000000001,-0.0005
2023-06-12 00:00:00+00:00,-0.001,-0.0008
2023-06-19 00:00:00+00:00,-0.0009,-0.0007000000000000001
2023-06-26 00:00:00+00:00,-0.0007000000000000001,-0.0005
2023-07-03 00:00:00+00:00,-0.0004,-0.0002
2023-07-10 00:00:00+00:00,-0.0006,-0.0008
2023-07-17 00:00:00+00:00,-0.0005,-0.0007000000000000001
2023-07-24 00:00:00+00:00,-0.0002,-0.0002
2023-07-31 00:00:00+00:00,-0.0002,0.0
2023-08-07 00:00:00+00:00,-0.0001,0.0
2023-08-14 00:00:00+00:00,0.0001,0.0003
2023-08-21 00:00:00+00:00,0.0002,0.0008
2023-08-28 00:00:00+00:00,0.0003,0.0008
2023-09-04 00:00:00+00:00,0.0002,0.0004
2023-09-11 00:00:00+00:00,0.0003,0.0007000000000000001
2023-09-18 00:00:00+00:00,0.0003,0.0006
2023-09-25 00:00:00+00:00,0.0003,0.0005
2023-10-09 00:00:00+00:00,0.0002,0.0006
2023-10-16 00:00:00+00:00,0.0002,0.0006
2023-10-23 00:00:00+00:00,0.0002,0.0004
2023-10-30 00:00:00+00:00,0.0,0.0
2023-11-06 00:00:00+00:00,0.0,0.0001
2023-11-13 00:00:00+00:00,-0.0001,-0.0001
2023-11-20 00:00:00+00:00,-0.0003,-0.0001
2023-11-27 00:00:00+00:00,-0.0002,-0.0003
2023-12-04 00:00:00+00:00,-0.0002,-0.0002
2023-12-11 00:00:00+00:00,-0.0004,-0.0004
2023-12-18 00:00:00+00:00,-0.0003,-0.0004
2023-12-25 00:00:00+00:00,-0.0002,-0.0003
2024-01-01 00:00:00+00:00,-0.0003,-0.0003
2024-01-08 00:00:00+00:00,-0.0003,-0.0005
2024-01-15 00:00:00+00:00,-0.0004,-0.0004
2024-01-22 00:00:00+00:00,-0.0003,-0.0003
2024-01-29 00:00:00+00:00,-0.0004,-0.0005
2024-02-05 00:00:00+00:00,-0.0003,-0.0004
2024-02-19 00:00:00+00:00,-0.0003,-0.0004
2024-02-26 00:00:00+00:00,-0.0005,-0.0003
2024-03-04 00:00:00+00:00,-0.0003,-0.0003
2024-03-11 00:00:00+00:00,-0.0004,-0.0004
2024-03-18 00:00:00+00:00,-0.0003,-0.0004
2024-03-25 00:00:00+00:00,-0.0003,-0.0004
2024-04-01 00:00:00+00:00,-0.0006,-0.0006
2024-04-08 00:00:00+00:00,-0.0004,-0.0002
2024-04-15 00:00:00+00:00,-0.0005,-0.0001
2024-04-22 00:00:00+00:00,-0.0004,-0.0001
2024-04-29 00:00:00+00:00,-0.0003,-0.0002
2024-05-06 00:00:00+00:00,-0.0003,0.0
2024-05-13 00:00:00+00:00,-0.0003,0.0
2024-05-20 00:00:00+00:00,-0.0003,0.0001
2024-05-27 00:00:00+00:00,-0.0004,0.0002
2024-06-03 00:00:00+00:00,-0.0002,0.0004
2024-06-10 00:00:00+00:00,-0.0001,0.0006
2024-06-17 00:00:00+00:00,-0.0001,0.0007000000000000001
2024-06-24 00:00:00+00:00,-0.0001,0.0011
2024-07-01 00:00:00+00:00,0.0,0.0009
2024-07-08 00:00:00+00:00,-0.0001,0.0012
2024-07-15 00:00:00+00:00,0.0002,0.0017000000000000001
2024-07-22 00:00:00+00:00,0.0002,0.0019
2024-07-29 00:00:00+00:00,0.0003,0.0022
2024-08-05 00:00:00+00:00,0.0002,0.0022
2024-08-12 00:00:00+00:00,0.0005,0.0026
2024-08-19 00:00:00+00:00,0.0004,0.0025
2024-08-26 00:00:00+00:00,0.0005,0.0025
2024-09-02 00:00:00+00:00,0.0005,0.0022
2024-09-09 00:00:00+00:00,0.0004,0.0016
2024-09-23 00:00:00+00:00,0.0003,0.0018
2024-09-30 00:00:00+00:00,0.0002,0.0009
2024-10-07 00:00:00+00:00,0.0003,0.001
2024-10-14 00:00:00+00:00,0.0002,0.0012
2024-10-21 00:00:00+00:00,0.0,0.0008
2024-10-28 00:00:00+00:00,0.0001,0.0009
2024-11-04 00:00:00+00:00,0.0,0.0007000000000000001
