Date,Fear Greed,SPY_Close
2011-01-03,68,127.0500030517578
2011-01-04,68,126.9800033569336
2011-01-05,67,127.63999938964844
2011-01-06,64,127.38999938964844
2011-01-07,63,127.13999938964844
2011-01-10,58,126.9800033569336
2011-01-11,58,127.43000030517578
2011-01-12,58,128.5800018310547
2011-01-13,58,128.3699951171875
2011-01-14,60,129.3000030517578
2011-01-18,56,129.52000427246094
2011-01-19,55,128.25
2011-01-20,54,128.0800018310547
2011-01-21,47,128.3699951171875
2011-01-24,45,129.10000610351562
2011-01-25,43,129.1699981689453
2011-01-26,43,129.6699981689453
2011-01-27,43,129.99000549316406
2011-01-28,43,127.72000122070312
2011-01-31,41,128.67999267578125
2011-02-01,41,130.74000549316406
2011-02-02,46,130.49000549316406
2011-02-03,47,130.77999877929688
2011-02-04,49,131.14999389648438
2011-02-07,56,131.97000122070312
2011-02-08,56,132.57000732421875
2011-02-09,56,132.27000427246094
2011-02-10,56,132.32000732421875
2011-02-11,56,133.11000061035156
2011-02-14,61,133.42999267578125
2011-02-15,61,133.00999450683594
2011-02-16,61,133.85000610351562
2011-02-17,61,134.25
2011-02-18,56,134.52999877929688
2011-02-22,42,131.8300018310547
2011-02-23,42,131.02000427246094
2011-02-24,42,130.92999267578125
2011-02-25,42,132.3300018310547
2011-02-28,43,133.14999389648438
2011-03-01,43,130.92999267578125
2011-03-02,42,131.2100067138672
2011-03-03,41,133.47000122070312
2011-03-04,39,132.47000122070312
2011-03-07,35,131.42999267578125
2011-03-08,27,132.5800018310547
2011-03-09,26,132.38999938964844
2011-03-10,26,129.94000244140625
2011-03-11,26,130.83999633789062
2011-03-14,13,130.0500030517578
2011-03-15,13,128.55999755859375
2011-03-16,11,126.18000030517578
2011-03-17,9,127.8499984741211
2011-03-18,9,127.76000213623048
2011-03-21,14,129.74000549316406
2011-03-22,15,129.2899932861328
2011-03-23,16,129.66000366210938
2011-03-24,16,130.89999389648438
2011-03-25,19,131.3000030517578
2011-03-28,23,130.97999572753906
2011-03-29,23,131.86000061035156
2011-03-30,24,132.77000427246094
2011-03-31,24,132.58999633789062
2011-04-01,27,133.14999389648438
2011-04-04,31,133.25999450683594
2011-04-05,35,133.24000549316406
2011-04-06,37,133.66000366210938
2011-04-07,37,133.32000732421875
2011-04-08,37,132.86000061035156
2011-04-11,34,132.4600067138672
2011-04-12,33,131.47000122070312
2011-04-13,33,131.4600067138672
2011-04-14,30,131.55999755859375
2011-04-15,28,132.0399932861328
2011-04-18,24,130.55999755859375
2011-04-19,24,131.30999755859375
2011-04-20,25,133.10000610351562
2011-04-21,30,133.77999877929688
2011-04-25,35,133.63999938964844
2011-04-26,36,134.7899932861328
2011-04-27,37,135.6699981689453
2011-04-28,37,136.11000061035156
2011-04-29,41,136.42999267578125
2011-05-02,36,136.22000122070312
2011-05-03,31,135.72999572753906
2011-05-04,30,134.8300018310547
2011-05-05,29,133.61000061035156
2011-05-06,27,134.1999969482422
2011-05-09,28,134.72000122070312
2011-05-10,31,135.8699951171875
2011-05-11,31,134.44000244140625
2011-05-12,32,135.0800018310547
2011-05-13,32,134.0399932861328
2011-05-16,27,133.19000244140625
2011-05-17,27,133.1699981689453
2011-05-18,25,134.36000061035156
2011-05-19,23,134.67999267578125
2011-05-20,22,133.61000061035156
2011-05-23,16,132.05999755859375
2011-05-24,13,131.9499969482422
2011-05-25,13,132.38999938964844
2011-05-26,15,133.0
2011-05-27,16,133.50999450683594
2011-05-31,16,134.89999389648438
2011-06-01,15,131.8699951171875
2011-06-02,12,131.72999572753906
2011-06-03,9,130.4199981689453
2011-06-06,6,129.0399932861328
2011-06-07,6,128.9600067138672
2011-06-08,6,128.4199981689453
2011-06-09,6,129.39999389648438
2011-06-10,5,127.5999984741211
2011-06-13,6,127.6999969482422
2011-06-14,5,129.32000732421875
2011-06-15,5,127.0199966430664
2011-06-16,6,127.3000030517578
2011-06-17,7,127.0500030517578
2011-06-20,9,127.6999969482422
2011-06-21,9,129.4499969482422
2011-06-22,10,128.6699981689453
2011-06-23,10,128.3000030517578
2011-06-24,11,126.80999755859376
2011-06-27,25,127.94000244140624
2011-06-28,29,129.61000061035156
2011-06-29,30,130.72000122070312
2011-06-30,32,131.97000122070312
2011-07-01,34,133.9199981689453
2011-07-05,51,133.80999755859375
2011-07-06,52,133.97000122070312
2011-07-07,48,135.36000061035156
2011-07-08,43,134.39999389648438
2011-07-11,35,131.97000122070312
2011-07-12,31,131.39999389648438
2011-07-13,31,131.83999633789062
2011-07-14,31,130.92999267578125
2011-07-15,32,131.69000244140625
2011-07-18,44,130.61000061035156
2011-07-19,44,132.72999572753906
2011-07-20,47,132.64999389648438
2011-07-21,48,134.49000549316406
2011-07-22,51,134.5800018310547
2011-07-25,38,133.8300018310547
2011-07-26,35,133.3300018310547
2011-07-27,27,130.60000610351562
2011-07-28,27,130.22000122070312
2011-07-29,16,129.3300018310547
2011-08-01,10,128.77999877929688
2011-08-02,8,125.48999786376952
2011-08-03,2,126.16999816894533
2011-08-04,5,120.26000213623048
2011-08-05,5,120.08000183105467
2011-08-08,1,112.26000213623048
2011-08-09,2,117.4800033569336
2011-08-10,2,112.29000091552734
2011-08-11,3,117.33000183105467
2011-08-12,6,118.12000274658205
2011-08-15,7,120.62000274658205
2011-08-16,11,119.58999633789062
2011-08-17,7,119.66999816894533
2011-08-18,7,114.51000213623048
2011-08-19,6,112.63999938964844
2011-08-22,7,112.7300033569336
2011-08-23,9,116.44000244140624
2011-08-24,8,118.08000183105467
2011-08-25,11,116.27999877929688
2011-08-26,12,117.97000122070312
2011-08-29,22,121.36000061035156
2011-08-30,22,121.68000030517578
2011-08-31,28,122.22000122070312
2011-09-01,26,120.94000244140624
2011-09-02,26,117.8499984741211
2011-09-06,27,116.98999786376952
2011-09-07,28,120.29000091552734
2011-09-08,25,119.04000091552734
2011-09-09,25,115.91999816894533
2011-09-12,31,116.66999816894533
2011-09-13,31,117.73999786376952
2011-09-14,31,119.37000274658205
2011-09-15,33,121.43000030517578
2011-09-16,38,121.5199966430664
2011-09-19,39,120.30999755859376
2011-09-20,32,120.16999816894533
2011-09-21,31,116.62999725341795
2011-09-22,28,112.86000061035156
2011-09-23,28,113.54000091552734
2011-09-26,26,116.23999786376952
2011-09-27,25,117.54000091552734
2011-09-28,27,115.13999938964844
2011-09-29,23,116.0500030517578
2011-09-30,22,113.1500015258789
2011-10-03,20,109.93000030517578
2011-10-04,23,112.33999633789062
2011-10-05,27,114.41999816894533
2011-10-06,33,116.48999786376952
2011-10-07,31,115.70999908447266
2011-10-10,41,119.58000183105467
2011-10-11,41,119.6999969482422
2011-10-12,42,120.75
2011-10-13,42,120.51000213623048
2011-10-14,41,122.56999969482422
2011-10-17,48,120.2300033569336
2011-10-18,48,122.58000183105467
2011-10-19,48,121.12999725341795
2011-10-20,54,121.66000366210938
2011-10-21,66,123.97000122070312
2011-10-24,62,125.48999786376952
2011-10-25,62,123.0500030517578
2011-10-26,71,124.3000030517578
2011-10-27,67,128.6300048828125
2011-10-28,66,128.60000610351562
2011-10-31,62,125.5
2011-11-01,62,122.0
2011-11-02,62,123.98999786376952
2011-11-03,63,126.25
2011-11-04,60,125.4800033569336
2011-11-07,65,126.26000213623048
2011-11-08,65,127.87999725341795
2011-11-09,59,123.16000366210938
2011-11-10,60,124.31999969482422
2011-11-11,60,126.66000366210938
2011-11-14,54,125.45999908447266
2011-11-15,54,126.08000183105467
2011-11-16,55,124.08000183105467
2011-11-17,52,122.11000061035156
2011-11-18,46,121.9800033569336
2011-11-21,43,119.66000366210938
2011-11-22,41,119.19000244140624
2011-11-23,39,116.55999755859376
2011-11-25,51,116.33999633789062
2011-11-28,57,119.70999908447266
2011-11-29,62,120.0500030517578
2011-11-30,67,124.98999786376952
2011-12-01,61,124.97000122070312
2011-12-02,67,124.86000061035156
2011-12-05,66,126.22000122070312
2011-12-06,66,126.26000213623048
2011-12-07,66,126.7300033569336
2011-12-08,66,123.9499969482422
2011-12-09,65,126.0500030517578
2011-12-12,62,124.20999908447266
2011-12-13,56,123.0500030517578
2011-12-14,61,121.73999786376952
2011-12-15,61,122.18000030517578
2011-12-16,60,121.58999633789062
2011-12-19,74,120.29000091552734
2011-12-20,74,123.93000030517578
2011-12-21,74,124.16999816894533
2011-12-22,78,125.2699966430664
2011-12-23,77,126.38999938964844
2011-12-27,75,126.48999786376952
2011-12-28,75,124.83000183105467
2011-12-29,75,126.12000274658205
2011-12-30,75,125.5
2012-01-03,77,127.5
2012-01-04,77,127.6999969482422
2012-01-05,78,128.0399932861328
2012-01-06,78,127.70999908447266
2012-01-09,81,128.02000427246094
2012-01-10,82,129.1300048828125
2012-01-11,83,129.1999969482422
2012-01-12,83,129.50999450683594
2012-01-13,83,128.83999633789062
2012-01-17,88,129.33999633789062
2012-01-18,90,130.77000427246094
2012-01-19,89,131.4600067138672
2012-01-20,88,131.9499969482422
2012-01-23,87,131.61000061035156
2012-01-24,87,131.4600067138672
2012-01-25,84,132.55999755859375
2012-01-26,82,131.8800048828125
2012-01-27,82,131.82000732421875
2012-01-30,82,131.3699951171875
2012-01-31,85,131.32000732421875
2012-02-01,87,132.47000122070312
2012-02-02,88,132.67999267578125
2012-02-03,88,134.5399932861328
2012-02-06,88,134.4499969482422
2012-02-07,86,134.7899932861328
2012-02-08,86,135.19000244140625
2012-02-09,85,135.36000061035156
2012-02-10,83,134.36000061035156
2012-02-13,83,135.36000061035156
2012-02-14,81,135.19000244140625
2012-02-15,82,134.55999755859375
2012-02-16,81,136.0500030517578
2012-02-17,80,136.41000366210938
2012-02-21,79,136.47000122070312
2012-02-22,78,136.02999877929688
2012-02-23,79,136.6300048828125
2012-02-24,79,136.92999267578125
2012-02-27,75,137.16000366210938
2012-02-28,75,137.55999755859375
2012-02-29,72,137.02000427246094
2012-03-01,70,137.72999572753906
2012-03-02,68,137.30999755859375
2012-03-05,66,136.75
2012-03-06,63,134.75
2012-03-07,62,135.69000244140625
2012-03-08,63,137.0399932861328
2012-03-09,70,137.57000732421875
2012-03-12,74,137.5800018310547
2012-03-13,79,140.05999755859375
2012-03-14,79,139.91000366210938
2012-03-15,79,140.72000122070312
2012-03-16,77,140.3000030517578
2012-03-19,73,140.85000610351562
2012-03-20,73,140.44000244140625
2012-03-21,71,140.2100067138672
2012-03-22,66,139.1999969482422
2012-03-23,71,139.64999389648438
2012-03-26,66,141.61000061035156
2012-03-27,66,141.1699981689453
2012-03-28,62,140.47000122070312
2012-03-29,62,140.22999572753906
2012-03-30,63,140.80999755859375
2012-04-02,63,141.83999633789062
2012-04-03,61,141.25999450683594
2012-04-04,63,139.86000061035156
2012-04-05,55,139.7899932861328
2012-04-09,46,138.22000122070312
2012-04-10,39,135.89999389648438
2012-04-11,39,137.0
2012-04-12,38,138.7899932861328
2012-04-13,38,137.13999938964844
2012-04-16,37,137.0500030517578
2012-04-17,37,139.0800018310547
2012-04-18,36,138.61000061035156
2012-04-19,35,137.72000122070312
2012-04-20,35,137.9499969482422
2012-04-23,34,136.7899932861328
2012-04-24,34,137.30999755859375
2012-04-25,38,139.19000244140625
2012-04-26,40,140.16000366210938
2012-04-27,41,140.38999938964844
2012-04-30,43,139.8699951171875
2012-05-01,42,140.74000549316406
2012-05-02,42,140.32000732421875
2012-05-03,41,139.25
2012-05-04,41,137.0
2012-05-07,38,137.10000610351562
2012-05-08,32,136.5500030517578
2012-05-09,32,135.74000549316406
2012-05-10,32,136.02000427246094
2012-05-11,25,135.61000061035156
2012-05-14,23,134.11000061035156
2012-05-15,20,133.33999633789062
2012-05-16,14,132.8300018310547
2012-05-17,12,130.86000061035156
2012-05-18,12,129.74000549316406
2012-05-21,16,131.97000122070312
2012-05-22,15,132.1999969482422
2012-05-23,15,132.27000427246094
2012-05-24,14,132.52999877929688
2012-05-25,13,132.10000610351562
2012-05-29,14,133.6999969482422
2012-05-30,12,131.75999450683594
2012-05-31,10,131.47000122070312
2012-06-01,10,128.16000366210938
2012-06-04,14,128.10000610351562
2012-06-05,14,129.07000732421875
2012-06-06,15,131.97000122070312
2012-06-07,16,132.0500030517578
2012-06-08,19,133.10000610351562
2012-06-11,20,131.41000366210938
2012-06-12,22,132.9199981689453
2012-06-13,19,132.07000732421875
2012-06-14,27,133.47000122070312
2012-06-15,35,134.13999938964844
2012-06-18,36,134.39999389648438
2012-06-19,36,135.6999969482422
2012-06-20,36,135.47999572753906
2012-06-21,33,132.44000244140625
2012-06-22,33,133.4600067138672
2012-06-25,39,131.32000732421875
2012-06-26,41,131.97999572753906
2012-06-27,41,133.1699981689453
2012-06-28,48,132.7899932861328
2012-06-29,53,136.10000610351562
2012-07-02,56,136.50999450683594
2012-07-03,59,137.41000366210938
2012-07-05,55,136.7899932861328
2012-07-06,51,135.49000549316406
2012-07-09,46,135.32000732421875
2012-07-10,48,134.13999938964844
2012-07-11,44,134.16000366210938
2012-07-12,44,133.50999450683594
2012-07-13,45,135.75
2012-07-16,48,135.42999267578125
2012-07-17,52,136.36000061035156
2012-07-18,52,137.3699951171875
2012-07-19,51,137.72999572753906
2012-07-20,51,136.47000122070312
2012-07-23,47,135.08999633789062
2012-07-24,41,133.92999267578125
2012-07-25,51,133.9600067138672
2012-07-26,55,136.1699981689453
2012-07-27,61,138.67999267578125
2012-07-30,57,138.67999267578125
2012-07-31,55,137.7100067138672
2012-08-01,55,137.58999633789062
2012-08-02,49,136.63999938964844
2012-08-03,63,139.35000610351562
2012-08-06,71,139.6199951171875
2012-08-07,70,140.32000732421875
2012-08-08,73,140.49000549316406
2012-08-09,75,140.61000061035156
2012-08-10,70,140.83999633789062
2012-08-13,75,140.77000427246094
2012-08-14,74,140.7899932861328
2012-08-15,72,140.9499969482422
2012-08-16,78,141.99000549316406
2012-08-17,79,142.17999267578125
2012-08-20,75,142.19000244140625
2012-08-21,74,141.75999450683594
2012-08-22,74,141.82000732421875
2012-08-23,72,140.66000366210938
2012-08-24,70,141.50999450683594
2012-08-27,68,141.5399932861328
2012-08-28,68,141.39999389648438
2012-08-29,63,141.50999450683594
2012-08-30,63,140.49000549316406
2012-08-31,59,141.16000366210938
2012-09-04,71,141.02999877929688
2012-09-05,74,140.91000366210938
2012-09-06,76,143.77000427246094
2012-09-07,83,144.3300018310547
2012-09-10,78,143.50999450683594
2012-09-11,86,143.91000366210938
2012-09-12,84,144.38999938964844
2012-09-13,91,146.58999633789062
2012-09-14,93,147.24000549316406
2012-09-17,92,146.74000549316406
2012-09-18,92,146.6199951171875
2012-09-19,92,146.6999969482422
2012-09-20,93,146.7100067138672
2012-09-21,93,145.8699951171875
2012-09-24,81,145.64999389648438
2012-09-25,81,144.10000610351562
2012-09-26,70,143.2899932861328
2012-09-27,76,144.63999938964844
2012-09-28,71,143.97000122070312
2012-10-01,72,144.35000610351562
2012-10-02,75,144.5
2012-10-03,76,145.08999633789062
2012-10-04,77,146.1300048828125
2012-10-05,78,146.13999938964844
2012-10-08,72,145.63999938964844
2012-10-09,66,144.1999969482422
2012-10-10,59,143.27999877929688
2012-10-11,56,143.36000061035156
2012-10-12,56,142.88999938964844
2012-10-15,54,144.0800018310547
2012-10-16,63,145.5399932861328
2012-10-17,61,146.1999969482422
2012-10-18,53,145.82000732421875
2012-10-19,56,143.38999938964844
2012-10-22,56,143.41000366210938
2012-10-23,42,141.4199981689453
2012-10-24,45,141.02000427246094
2012-10-25,41,141.42999267578125
2012-10-26,40,141.35000610351562
2012-10-31,45,141.35000610351562
2012-11-01,50,142.8300018310547
2012-11-02,50,141.55999755859375
2012-11-05,46,141.85000610351562
2012-11-06,47,142.9600067138672
2012-11-07,45,139.72000122070312
2012-11-08,40,138.0399932861328
2012-11-09,39,138.16000366210938
2012-11-12,35,138.27000427246094
2012-11-13,37,137.7899932861328
2012-11-14,31,135.92999267578125
2012-11-15,28,135.6999969482422
2012-11-16,28,136.3699951171875
2012-11-19,38,139.1300048828125
2012-11-20,42,139.19000244140625
2012-11-21,39,139.4499969482422
2012-11-23,47,141.35000610351562
2012-11-26,47,141.0500030517578
2012-11-27,49,140.3300018310547
2012-11-28,49,141.4600067138672
2012-11-29,52,142.1199951171875
2012-11-30,50,142.14999389648438
2012-12-03,45,141.4499969482422
2012-12-04,45,141.25
2012-12-05,45,141.5
2012-12-06,45,141.97999572753906
2012-12-07,51,142.41000366210938
2012-12-10,55,142.47000122070312
2012-12-11,55,143.44000244140625
2012-12-12,58,143.50999450683594
2012-12-13,60,142.6300048828125
2012-12-14,57,142.10000610351562
2012-12-17,64,143.77000427246094
2012-12-18,67,145.3699951171875
2012-12-19,64,144.2899932861328
2012-12-20,59,145.1199951171875
2012-12-21,56,142.7899932861328
2012-12-24,51,142.35000610351562
2012-12-26,58,141.75
2012-12-27,58,141.55999755859375
2012-12-28,66,140.02999877929688
2012-12-31,66,142.41000366210938
2013-01-02,68,146.05999755859375
2013-01-03,69,145.72999572753906
2013-01-04,82,146.3699951171875
2013-01-07,82,145.97000122070312
2013-01-08,80,145.5500030517578
2013-01-09,81,145.9199981689453
2013-01-10,85,147.0800018310547
2013-01-11,85,147.07000732421875
2013-01-14,86,146.97000122070312
2013-01-15,89,147.07000732421875
2013-01-16,85,147.0500030517578
2013-01-17,86,148.0
2013-01-18,89,148.3300018310547
2013-01-22,89,149.1300048828125
2013-01-23,92,149.3699951171875
2013-01-24,92,149.41000366210938
2013-01-25,91,150.25
2013-01-28,93,150.07000732421875
2013-01-29,94,150.66000366210938
2013-01-30,93,150.07000732421875
2013-01-31,89,149.6999969482422
2013-02-01,88,151.24000549316406
2013-02-04,80,149.5399932861328
2013-02-05,88,151.0500030517578
2013-02-06,81,151.16000366210938
2013-02-07,85,150.9600067138672
2013-02-08,83,151.8000030517578
2013-02-11,82,151.77000427246094
2013-02-12,82,152.02000427246094
2013-02-13,83,152.14999389648438
2013-02-14,87,152.2899932861328
2013-02-15,84,152.11000061035156
2013-02-19,81,153.25
2013-02-20,79,151.33999633789062
2013-02-21,68,150.4199981689453
2013-02-22,78,151.88999938964844
2013-02-25,62,149.0
2013-02-26,61,150.02000427246094
2013-02-27,56,151.91000366210938
2013-02-28,61,151.61000061035156
2013-03-01,60,152.11000061035156
2013-03-04,60,152.9199981689453
2013-03-05,71,154.2899932861328
2013-03-06,69,154.5
2013-03-07,73,154.77999877929688
2013-03-08,82,155.44000244140625
2013-03-11,79,156.02999877929688
2013-03-12,77,155.67999267578125
2013-03-13,77,155.89999389648438
2013-03-14,79,156.72999572753906
2013-03-15,77,155.8300018310547
2013-03-18,70,154.97000122070312
2013-03-19,73,154.61000061035156
2013-03-20,69,155.69000244140625
2013-03-21,69,154.36000061035156
2013-03-22,69,155.60000610351562
2013-03-25,70,154.9499969482422
2013-03-26,68,156.19000244140625
2013-03-27,70,156.19000244140625
2013-03-28,72,156.6699981689453
2013-04-01,63,156.0500030517578
2013-04-02,63,156.82000732421875
2013-04-03,59,155.22999572753906
2013-04-04,55,155.86000061035156
2013-04-05,52,155.16000366210938
2013-04-08,53,156.2100067138672
2013-04-09,56,156.75
2013-04-10,56,158.6699981689453
2013-04-11,57,159.19000244140625
2013-04-12,57,158.8000030517578
2013-04-15,41,155.1199951171875
2013-04-16,52,157.41000366210938
2013-04-17,47,155.11000061035156
2013-04-18,35,154.13999938964844
2013-04-19,41,155.47999572753906
2013-04-22,42,156.1699981689453
2013-04-23,46,157.77999877929688
2013-04-24,48,157.8800048828125
2013-04-25,53,158.52000427246094
2013-04-26,53,158.24000549316406
2013-04-29,60,159.3000030517578
2013-04-30,61,159.67999267578125
2013-05-01,62,158.27999877929688
2013-05-02,63,159.75
2013-05-03,64,161.3699951171875
2013-05-06,73,161.77999877929688
2013-05-07,78,162.60000610351562
2013-05-08,77,163.33999633789062
2013-05-09,76,162.8800048828125
2013-05-10,77,163.41000366210938
2013-05-13,80,163.5399932861328
2013-05-14,86,165.22999572753906
2013-05-15,87,166.1199951171875
2013-05-16,85,165.33999633789062
2013-05-17,91,166.94000244140625
2013-05-20,83,166.92999267578125
2013-05-21,83,167.1699981689453
2013-05-22,83,165.92999267578125
2013-05-23,80,165.4499969482422
2013-05-24,75,165.30999755859375
2013-05-28,67,166.3000030517578
2013-05-29,66,165.22000122070312
2013-05-30,72,165.8300018310547
2013-05-31,60,163.4499969482422
2013-06-03,55,164.35000610351562
2013-06-04,48,163.55999755859375
2013-06-05,32,161.27000427246094
2013-06-06,34,162.72999572753906
2013-06-07,40,164.8000030517578
2013-06-10,34,164.8000030517578
2013-06-11,31,163.10000610351562
2013-06-12,30,161.75
2013-06-13,30,164.2100067138672
2013-06-14,29,163.17999267578125
2013-06-17,24,164.44000244140625
2013-06-18,24,165.74000549316406
2013-06-19,21,163.4499969482422
2013-06-20,19,159.39999389648438
2013-06-21,19,159.07000732421875
2013-06-24,18,157.05999755859375
2013-06-25,19,158.57000732421875
2013-06-26,20,160.13999938964844
2013-06-27,21,161.0800018310547
2013-06-28,22,160.4199981689453
2013-07-01,25,161.36000061035156
2013-07-02,29,161.2100067138672
2013-07-03,30,161.27999877929688
2013-07-05,38,163.02000427246094
2013-07-08,40,163.9499969482422
2013-07-09,48,165.1300048828125
2013-07-10,49,165.19000244140625
2013-07-11,51,167.44000244140625
2013-07-12,61,167.50999450683594
2013-07-15,60,168.14999389648438
2013-07-16,62,167.52000427246094
2013-07-17,57,167.9499969482422
2013-07-18,62,168.8699951171875
2013-07-19,68,169.1699981689453
2013-07-22,63,169.5
2013-07-23,65,169.13999938964844
2013-07-24,64,168.52000427246094
2013-07-25,62,168.92999267578125
2013-07-26,64,169.11000061035156
2013-07-29,59,168.58999633789062
2013-07-30,62,168.58999633789062
2013-07-31,61,168.7100067138672
2013-08-01,68,170.66000366210938
2013-08-02,62,170.9499969482422
2013-08-05,61,170.6999969482422
2013-08-06,54,169.72999572753906
2013-08-07,47,169.17999267578125
2013-08-08,52,169.8000030517578
2013-08-09,44,169.30999755859375
2013-08-12,50,169.11000061035156
2013-08-13,50,169.61000061035156
2013-08-14,46,168.74000549316406
2013-08-15,43,166.3800048828125
2013-08-16,39,165.8300018310547
2013-08-19,32,164.77000427246094
2013-08-20,26,165.5800018310547
2013-08-21,26,164.55999755859375
2013-08-22,32,166.05999755859375
2013-08-23,27,166.6199951171875
2013-08-26,25,166.0
2013-08-27,18,163.3300018310547
2013-08-28,24,163.91000366210938
2013-08-29,23,164.1699981689453
2013-08-30,20,163.64999389648438
2013-09-03,17,164.38999938964844
2013-09-04,28,165.75
2013-09-05,33,165.9600067138672
2013-09-06,36,166.0399932861328
2013-09-09,43,167.6300048828125
2013-09-10,52,168.8699951171875
2013-09-11,47,169.39999389648438
2013-09-12,46,168.9499969482422
2013-09-13,48,169.3300018310547
2013-09-16,50,170.30999755859375
2013-09-17,54,171.07000732421875
2013-09-18,56,173.0500030517578
2013-09-19,62,172.75999450683594
2013-09-20,57,170.72000122070312
2013-09-23,49,169.92999267578125
2013-09-24,48,169.52999877929688
2013-09-25,47,169.0399932861328
2013-09-26,39,169.69000244140625
2013-09-27,41,168.91000366210938
2013-09-30,35,168.00999450683594
2013-10-01,40,169.33999633789062
2013-10-02,35,169.17999267578125
2013-10-03,29,167.6199951171875
2013-10-04,34,168.88999938964844
2013-10-07,27,167.42999267578125
2013-10-08,20,165.47999572753906
2013-10-09,29,165.60000610351562
2013-10-10,35,169.1699981689453
2013-10-11,31,170.25999450683594
2013-10-14,39,170.94000244140625
2013-10-15,39,169.6999969482422
2013-10-16,46,172.07000732421875
2013-10-17,48,173.22000122070312
2013-10-18,56,174.38999938964844
2013-10-21,53,174.39999389648438
2013-10-22,55,175.41000366210938
2013-10-23,61,174.57000732421875
2013-10-24,62,175.14999389648438
2013-10-25,62,175.9499969482422
2013-10-28,64,176.22999572753906
2013-10-29,64,177.1699981689453
2013-10-30,64,176.2899932861328
2013-10-31,66,175.7899932861328
2013-11-01,67,176.2100067138672
2013-11-04,68,176.8300018310547
2013-11-05,68,176.27000427246094
2013-11-06,68,177.1699981689453
2013-11-07,68,174.92999267578125
2013-11-08,68,177.2899932861328
2013-11-11,67,177.32000732421875
2013-11-12,69,176.9600067138672
2013-11-13,70,178.3800048828125
2013-11-14,70,179.27000427246094
2013-11-15,71,180.0500030517578
2013-11-18,71,179.4199981689453
2013-11-19,67,179.02999877929688
2013-11-20,68,178.47000122070312
2013-11-21,68,179.91000366210938
2013-11-22,68,180.80999755859372
2013-11-25,66,180.6300048828125
2013-11-26,64,180.67999267578125
2013-11-27,67,181.1199951171875
2013-11-29,70,181.0
2013-12-02,66,180.52999877929688
2013-12-03,65,179.75
2013-12-04,65,179.72999572753906
2013-12-05,57,178.94000244140625
2013-12-06,63,180.94000244140625
2013-12-09,53,181.3999938964844
2013-12-10,52,180.75
2013-12-11,51,178.72000122070312
2013-12-12,43,178.1300048828125
2013-12-13,38,178.11000061035156
2013-12-16,45,179.22000122070312
2013-12-17,38,178.64999389648438
2013-12-18,49,181.6999969482422
2013-12-19,50,181.4900054931641
2013-12-20,52,181.55999755859372
2013-12-23,61,182.52999877929688
2013-12-24,66,182.92999267578125
2013-12-26,63,183.8600006103516
2013-12-27,72,183.8500061035156
2013-12-30,70,183.82000732421875
2013-12-31,77,184.69000244140625
2014-01-02,71,182.9199981689453
2014-01-03,66,182.88999938964844
2014-01-06,64,182.3600006103516
2014-01-07,67,183.47999572753903
2014-01-08,64,183.5200042724609
2014-01-09,68,183.63999938964844
2014-01-10,66,184.13999938964844
2014-01-13,61,181.69000244140625
2014-01-14,68,183.6699981689453
2014-01-15,65,184.66000366210935
2014-01-16,63,184.4199981689453
2014-01-17,59,183.63999938964844
2014-01-21,62,184.17999267578125
2014-01-22,45,184.3000030517578
2014-01-23,46,182.7899932861328
2014-01-24,27,178.88999938964844
2014-01-27,25,178.00999450683594
2014-01-28,29,179.07000732421875
2014-01-29,20,177.35000610351562
2014-01-30,18,179.22999572753906
2014-01-31,20,178.17999267578125
2014-02-03,13,174.1699981689453
2014-02-04,15,175.38999938964844
2014-02-05,20,175.1699981689453
2014-02-06,17,177.47999572753906
2014-02-07,22,179.67999267578125
2014-02-10,28,180.00999450683594
2014-02-11,29,181.97999572753903
2014-02-12,32,182.07000732421875
2014-02-13,32,183.00999450683597
2014-02-14,30,184.0200042724609
2014-02-18,42,184.2400054931641
2014-02-19,39,183.0200042724609
2014-02-20,45,184.1000061035156
2014-02-21,48,183.88999938964844
2014-02-24,55,184.91000366210935
2014-02-25,57,184.83999633789065
2014-02-26,58,184.8500061035156
2014-02-27,62,185.82000732421875
2014-02-28,56,186.2899932861328
2014-03-03,63,184.97999572753903
2014-03-04,66,187.5800018310547
2014-03-05,78,187.75
2014-03-06,80,188.17999267578125
2014-03-07,81,188.25999450683597
2014-03-10,81,188.16000366210935
2014-03-11,76,187.22999572753903
2014-03-12,57,187.27999877929688
2014-03-13,49,185.17999267578125
2014-03-14,44,184.66000366210935
2014-03-17,49,186.3300018310547
2014-03-18,51,187.66000366210935
2014-03-19,53,186.66000366210935
2014-03-20,54,187.75
2014-03-21,56,186.1999969482422
2014-03-24,49,185.42999267578125
2014-03-25,43,186.30999755859372
2014-03-26,43,184.97000122070312
2014-03-27,34,184.5800018310547
2014-03-28,36,185.4900054931641
2014-03-31,50,187.00999450683597
2014-04-01,51,188.25
2014-04-02,53,188.8800048828125
2014-04-03,51,188.6300048828125
2014-04-04,49,186.3999938964844
2014-04-07,35,184.33999633789065
2014-04-08,34,185.1000061035156
2014-04-09,31,187.08999633789065
2014-04-10,31,183.16000366210935
2014-04-11,21,181.50999450683597
2014-04-14,23,182.94000244140625
2014-04-15,23,184.1999969482422
2014-04-16,28,186.1300048828125
2014-04-17,28,186.38999938964844
2014-04-21,38,187.0399932861328
2014-04-22,40,187.88999938964844
2014-04-23,40,187.4499969482422
2014-04-24,39,187.8300018310547
2014-04-25,35,186.2899932861328
2014-04-28,34,186.8800048828125
2014-04-29,34,187.75
2014-04-30,33,188.30999755859372
2014-05-01,30,188.3300018310547
2014-05-02,32,188.05999755859372
2014-05-05,34,188.4199981689453
2014-05-06,34,186.77999877929688
2014-05-07,33,187.8800048828125
2014-05-08,33,187.67999267578125
2014-05-09,42,187.9600067138672
2014-05-12,45,189.7899932861328
2014-05-13,39,189.9600067138672
2014-05-14,38,189.05999755859372
2014-05-15,28,187.3999938964844
2014-05-16,28,188.0500030517578
2014-05-19,26,188.7400054931641
2014-05-20,21,187.5500030517578
2014-05-21,29,189.1300048828125
2014-05-22,36,189.58999633789065
2014-05-23,37,190.3500061035156
2014-05-27,40,191.5200042724609
2014-05-28,42,191.3800048828125
2014-05-29,42,192.3699951171875
2014-05-30,45,192.67999267578125
2014-06-02,58,192.8999938964844
2014-06-03,66,192.8000030517578
2014-06-04,66,193.19000244140625
2014-06-05,81,194.4499969482422
2014-06-06,81,195.3800048828125
2014-06-09,89,195.5800018310547
2014-06-10,90,195.6000061035156
2014-06-11,88,194.9199981689453
2014-06-12,83,193.5399932861328
2014-06-13,85,194.1300048828125
2014-06-16,87,194.2899932861328
2014-06-17,88,194.8300018310547
2014-06-18,94,196.25999450683597
2014-06-19,95,196.47999572753903
2014-06-20,95,195.94000244140625
2014-06-23,93,195.8800048828125
2014-06-24,83,194.6999969482422
2014-06-25,83,195.5800018310547
2014-06-26,77,195.44000244140625
2014-06-27,76,195.82000732421875
2014-06-30,87,195.72000122070312
2014-07-01,87,197.02999877929688
2014-07-02,87,197.22999572753903
2014-07-03,86,198.1999969482422
2014-07-07,68,197.50999450683597
2014-07-08,74,196.2400054931641
2014-07-09,62,197.1199951171875
2014-07-10,56,196.33999633789065
2014-07-11,57,196.6100006103516
2014-07-14,59,197.6000061035156
2014-07-15,56,197.22999572753903
2014-07-16,55,197.9600067138672
2014-07-17,32,195.7100067138672
2014-07-18,46,197.7100067138672
2014-07-21,37,197.33999633789065
2014-07-22,38,198.1999969482422
2014-07-23,39,198.63999938964844
2014-07-24,42,198.6499938964844
2014-07-25,34,197.72000122070312
2014-07-28,34,197.8000030517578
2014-07-29,31,196.9499969482422
2014-07-30,26,196.97999572753903
2014-07-31,10,193.08999633789065
2014-08-01,5,192.5
2014-08-04,5,193.88999938964844
2014-08-05,5,192.00999450683597
2014-08-06,5,192.07000732421875
2014-08-07,5,191.02999877929688
2014-08-08,10,193.2400054931641
2014-08-11,7,193.8000030517578
2014-08-12,8,193.52999877929688
2014-08-13,13,194.83999633789065
2014-08-14,16,195.75999450683597
2014-08-15,14,195.72000122070312
2014-08-18,26,197.3600006103516
2014-08-19,31,198.38999938964844
2014-08-20,37,198.9199981689453
2014-08-21,36,199.5
2014-08-22,37,199.19000244140625
2014-08-25,35,200.1999969482422
2014-08-26,36,200.3300018310547
2014-08-27,33,200.25
2014-08-28,33,200.13999938964844
2014-08-29,41,200.7100067138672
2014-09-02,48,200.6100006103516
2014-09-03,48,200.5
2014-09-04,47,200.2100067138672
2014-09-05,50,201.1100006103516
2014-09-08,47,200.58999633789065
2014-09-09,42,199.32000732421875
2014-09-10,45,200.07000732421875
2014-09-11,44,200.3000030517578
2014-09-12,43,199.1300048828125
2014-09-15,38,198.97999572753903
2014-09-16,37,200.47999572753903
2014-09-17,42,200.75
2014-09-18,37,201.82000732421875
2014-09-19,36,200.6999969482422
2014-09-22,22,199.1499938964844
2014-09-23,18,198.00999450683597
2014-09-24,17,199.55999755859372
2014-09-25,8,196.33999633789065
2014-09-26,13,197.8999938964844
2014-09-29,11,197.5399932861328
2014-09-30,12,197.0200042724609
2014-10-01,7,194.3500061035156
2014-10-02,3,194.3800048828125
2014-10-03,5,196.5200042724609
2014-10-06,5,196.2899932861328
2014-10-07,6,193.25999450683597
2014-10-08,4,196.63999938964844
2014-10-09,3,192.7400054931641
2014-10-10,1,190.5399932861328
2014-10-13,0,187.41000366210935
2014-10-14,2,187.6999969482422
2014-10-15,1,186.42999267578125
2014-10-16,2,186.2700042724609
2014-10-17,7,188.47000122070312
2014-10-20,5,190.3000030517578
2014-10-21,7,194.07000732421875
2014-10-22,8,192.69000244140625
2014-10-23,11,194.92999267578125
2014-10-24,13,196.42999267578125
2014-10-27,16,196.16000366210935
2014-10-28,21,198.41000366210935
2014-10-29,25,198.1100006103516
2014-10-30,31,199.3800048828125
2014-10-31,32,201.66000366210935
2014-11-03,40,201.7700042724609
2014-11-04,40,201.07000732421875
2014-11-05,49,202.33999633789065
2014-11-06,49,203.1499938964844
2014-11-07,55,203.33999633789065
2014-11-10,57,203.97999572753903
2014-11-11,58,204.17999267578125
2014-11-12,56,203.9600067138672
2014-11-13,54,204.19000244140625
2014-11-14,53,204.2400054931641
2014-11-17,53,204.3699951171875
2014-11-18,54,205.5500030517578
2014-11-19,55,205.22000122070312
2014-11-20,59,205.5800018310547
2014-11-21,59,206.67999267578125
2014-11-24,62,207.25999450683597
2014-11-25,62,207.1100006103516
2014-11-26,63,207.63999938964844
2014-11-28,59,207.1999969482422
2014-12-01,55,205.75999450683597
2014-12-02,55,207.08999633789065
2014-12-03,59,207.88999938964844
2014-12-04,59,207.66000366210935
2014-12-05,61,208.0
2014-12-08,55,206.6100006103516
2014-12-09,46,206.47000122070312
2014-12-10,41,203.16000366210935
2014-12-11,37,204.19000244140625
2014-12-12,31,200.88999938964844
2014-12-15,22,199.50999450683597
2014-12-16,19,197.91000366210935
2014-12-17,21,201.7899932861328
2014-12-18,33,206.77999877929688
2014-12-19,33,206.5200042724609
2014-12-22,43,207.47000122070312
2014-12-23,45,207.75
2014-12-24,47,207.7700042724609
2014-12-26,48,208.44000244140625
2014-12-29,47,208.72000122070312
2014-12-30,47,207.6000061035156
2014-12-31,45,205.5399932861328
2015-01-02,37,205.42999267578125
2015-01-05,30,201.72000122070312
2015-01-06,21,199.82000732421875
2015-01-07,21,202.30999755859372
2015-01-08,28,205.8999938964844
2015-01-09,29,204.25
2015-01-12,30,202.6499938964844
2015-01-13,29,202.0800018310547
2015-01-14,30,200.8600006103516
2015-01-15,30,199.0200042724609
2015-01-16,26,201.6300048828125
2015-01-20,25,202.05999755859372
2015-01-21,28,203.0800018310547
2015-01-22,32,206.1000061035156
2015-01-23,31,204.97000122070312
2015-01-26,28,205.4499969482422
2015-01-27,28,202.7400054931641
2015-01-28,26,200.13999938964844
2015-01-29,26,201.9900054931641
2015-01-30,25,199.4499969482422
2015-02-02,30,201.9199981689453
2015-02-03,46,204.83999633789065
2015-02-04,42,204.05999755859372
2015-02-05,50,206.1199951171875
2015-02-06,52,205.5500030517578
2015-02-09,52,204.6300048828125
2015-02-10,54,206.80999755859372
2015-02-11,61,206.92999267578125
2015-02-12,64,208.9199981689453
2015-02-13,73,209.77999877929688
2015-02-17,77,210.1100006103516
2015-02-18,79,210.1300048828125
2015-02-19,77,209.97999572753903
2015-02-20,80,211.2400054931641
2015-02-23,77,211.2100067138672
2015-02-24,75,211.80999755859372
2015-02-25,77,211.6300048828125
2015-02-26,78,211.3800048828125
2015-02-27,74,210.66000366210935
2015-03-02,74,211.9900054931641
2015-03-03,66,211.1199951171875
2015-03-04,66,210.22999572753903
2015-03-05,65,210.4600067138672
2015-03-06,58,207.5
2015-03-09,58,208.3600006103516
2015-03-10,52,204.97999572753903
2015-03-11,44,204.5
2015-03-12,46,207.1000061035156
2015-03-13,39,205.8300018310547
2015-03-16,42,208.5800018310547
2015-03-17,40,207.9600067138672
2015-03-18,39,210.4600067138672
2015-03-19,43,209.5
2015-03-20,43,210.41000366210935
2015-03-23,48,210.0
2015-03-24,44,208.82000732421875
2015-03-25,44,205.75999450683597
2015-03-26,37,205.2700042724609
2015-03-27,36,205.7400054931641
2015-03-30,37,208.25
2015-03-31,37,206.42999267578125
2015-04-01,35,205.6999969482422
2015-04-02,40,206.44000244140625
2015-04-06,43,207.8300018310547
2015-04-07,48,207.27999877929688
2015-04-08,48,207.97999572753903
2015-04-09,56,208.8999938964844
2015-04-10,56,210.0399932861328
2015-04-13,60,209.08999633789065
2015-04-14,60,209.4900054931641
2015-04-15,60,210.42999267578125
2015-04-16,57,210.3699951171875
2015-04-17,57,207.9499969482422
2015-04-20,55,209.8500061035156
2015-04-21,59,209.6000061035156
2015-04-22,59,210.6300048828125
2015-04-23,64,211.16000366210935
2015-04-24,66,211.6499938964844
2015-04-27,59,210.7700042724609
2015-04-28,61,211.44000244140625
2015-04-29,61,210.57000732421875
2015-04-30,53,208.4600067138672
2015-05-01,61,210.72000122070312
2015-05-04,61,211.32000732421875
2015-05-05,58,208.8999938964844
2015-05-06,58,208.0399932861328
2015-05-07,53,208.8699951171875
2015-05-08,58,211.6199951171875
2015-05-11,53,210.6100006103516
2015-05-12,49,209.97999572753903
2015-05-13,55,210.0200042724609
2015-05-14,57,212.2100067138672
2015-05-15,57,212.44000244140625
2015-05-18,62,213.1000061035156
2015-05-19,62,213.02999877929688
2015-05-20,64,212.8800048828125
2015-05-21,64,213.5
2015-05-22,60,212.9900054931641
2015-05-26,50,210.6999969482422
2015-05-27,47,212.6999969482422
2015-05-28,47,212.4600067138672
2015-05-29,43,211.13999938964844
2015-06-01,40,211.57000732421875
2015-06-02,43,211.3600006103516
2015-06-03,45,211.9199981689453
2015-06-04,44,210.1300048828125
2015-06-05,40,209.7700042724609
2015-06-08,36,208.47999572753903
2015-06-09,36,208.4499969482422
2015-06-10,37,210.9499969482422
2015-06-11,41,211.6300048828125
2015-06-12,30,210.00999450683597
2015-06-15,26,209.1100006103516
2015-06-16,27,210.25
2015-06-17,26,210.58999633789065
2015-06-18,34,212.77999877929688
2015-06-19,30,210.80999755859372
2015-06-22,42,211.88999938964844
2015-06-23,49,212.0399932861328
2015-06-24,36,210.5
2015-06-25,34,209.8600006103516
2015-06-26,33,209.82000732421875
2015-06-29,8,205.4199981689453
2015-06-30,11,205.8500061035156
2015-07-01,18,207.5
2015-07-02,16,207.30999755859372
2015-07-06,13,206.72000122070312
2015-07-07,13,208.0200042724609
2015-07-08,9,204.52999877929688
2015-07-09,12,204.8999938964844
2015-07-10,14,207.47999572753903
2015-07-13,24,209.7700042724609
2015-07-14,24,210.67999267578125
2015-07-15,30,210.6100006103516
2015-07-16,30,212.3000030517578
2015-07-17,34,212.47999572753903
2015-07-20,34,212.58999633789065
2015-07-21,25,211.75
2015-07-22,20,211.3699951171875
2015-07-23,15,210.17999267578125
2015-07-24,15,208.0
2015-07-27,7,206.7899932861328
2015-07-28,17,209.3300018310547
2015-07-29,21,210.7700042724609
2015-07-30,21,210.82000732421875
2015-07-31,20,210.5
2015-08-03,24,209.7899932861328
2015-08-04,28,209.3800048828125
2015-08-05,21,210.07000732421875
2015-08-06,18,208.3500061035156
2015-08-07,10,207.9499969482422
2015-08-10,9,210.57000732421875
2015-08-11,12,208.6699981689453
2015-08-12,9,208.9199981689453
2015-08-13,11,208.66000366210935
2015-08-14,11,209.4199981689453
2015-08-17,14,210.58999633789065
2015-08-18,13,209.97999572753903
2015-08-19,13,208.32000732421875
2015-08-20,8,203.97000122070312
2015-08-21,8,197.8300018310547
2015-08-24,3,189.5
2015-08-25,9,187.2700042724609
2015-08-26,12,194.4600067138672
2015-08-27,13,199.2700042724609
2015-08-28,14,199.27999877929688
2015-08-31,14,197.6699981689453
2015-09-01,9,191.7700042724609
2015-09-02,13,195.41000366210935
2015-09-03,11,195.5500030517578
2015-09-04,10,192.58999633789065
2015-09-08,13,197.42999267578125
2015-09-09,13,194.7899932861328
2015-09-10,15,195.8500061035156
2015-09-11,14,196.7400054931641
2015-09-14,13,196.00999450683597
2015-09-15,16,198.4600067138672
2015-09-16,16,200.17999267578125
2015-09-17,16,199.72999572753903
2015-09-18,18,195.4499969482422
2015-09-21,23,196.4600067138672
2015-09-22,31,193.91000366210935
2015-09-23,31,193.6000061035156
2015-09-24,22,192.8999938964844
2015-09-25,18,192.8500061035156
2015-09-28,15,188.00999450683597
2015-09-29,13,188.1199951171875
2015-09-30,21,191.6300048828125
2015-10-01,18,192.1300048828125
2015-10-02,24,195.0
2015-10-05,31,198.47000122070312
2015-10-06,36,197.7899932861328
2015-10-07,37,199.41000366210935
2015-10-08,42,201.2100067138672
2015-10-09,43,201.3300018310547
2015-10-12,41,201.5200042724609
2015-10-13,35,200.25
2015-10-14,35,199.2899932861328
2015-10-15,41,202.3500061035156
2015-10-16,45,203.2700042724609
2015-10-19,47,203.3699951171875
2015-10-20,51,203.1100006103516
2015-10-21,50,201.8500061035156
2015-10-22,55,205.25999450683597
2015-10-23,59,207.50999450683597
2015-10-26,61,207.0
2015-10-27,69,206.6000061035156
2015-10-28,69,208.9499969482422
2015-10-29,71,208.8300018310547
2015-10-30,70,207.92999267578125
2015-11-02,73,210.38999938964844
2015-11-03,73,211.0
2015-11-04,72,210.3600006103516
2015-11-05,73,210.1499938964844
2015-11-06,71,210.0399932861328
2015-11-09,67,208.0800018310547
2015-11-10,66,208.55999755859372
2015-11-11,63,207.7400054931641
2015-11-12,55,204.83999633789065
2015-11-13,45,202.5399932861328
2015-11-16,50,205.6199951171875
2015-11-17,48,205.47000122070312
2015-11-18,53,208.72999572753903
2015-11-19,52,208.5500030517578
2015-11-20,54,209.30999755859372
2015-11-23,53,209.07000732421875
2015-11-24,58,209.3500061035156
2015-11-25,59,209.32000732421875
2015-11-27,58,209.55999755859372
2015-11-30,58,208.69000244140625
2015-12-01,60,210.67999267578125
2015-12-02,55,208.52999877929688
2015-12-03,49,205.6100006103516
2015-12-04,58,209.6199951171875
2015-12-07,47,208.3500061035156
2015-12-08,38,206.9499969482422
2015-12-09,35,205.33999633789065
2015-12-10,36,205.8699951171875
2015-12-11,24,201.8800048828125
2015-12-14,29,202.8999938964844
2015-12-15,35,205.02999877929688
2015-12-16,44,208.02999877929688
2015-12-17,34,204.8600006103516
2015-12-18,29,200.0200042724609
2015-12-21,32,201.6699981689453
2015-12-22,36,203.5
2015-12-23,42,206.0200042724609
2015-12-24,42,205.67999267578125
2015-12-28,44,205.2100067138672
2015-12-29,51,207.3999938964844
2015-12-30,47,205.92999267578125
2015-12-31,45,203.8699951171875
2016-01-04,40,201.0200042724609
2016-01-05,41,201.3600006103516
2016-01-06,34,198.82000732421875
2016-01-07,25,194.0500030517578
2016-01-08,17,191.9199981689453
2016-01-11,18,192.1100006103516
2016-01-12,17,193.66000366210935
2016-01-13,14,188.8300018310547
2016-01-14,18,191.92999267578125
2016-01-15,10,187.80999755859372
2016-01-19,11,188.05999755859372
2016-01-20,9,185.6499938964844
2016-01-21,13,186.69000244140625
2016-01-22,14,190.5200042724609
2016-01-25,15,187.63999938964844
2016-01-26,18,190.1999969482422
2016-01-27,19,188.1300048828125
2016-01-28,21,189.1100006103516
2016-01-29,27,193.72000122070312
2016-02-01,27,193.6499938964844
2016-02-02,23,190.16000366210935
2016-02-03,25,191.3000030517578
2016-02-04,25,191.6000061035156
2016-02-05,17,187.9499969482422
2016-02-08,14,185.4199981689453
2016-02-09,20,185.42999267578125
2016-02-10,16,185.2700042724609
2016-02-11,18,182.8600006103516
2016-02-12,24,186.6300048828125
2016-02-16,34,189.77999877929688
2016-02-17,45,192.8800048828125
2016-02-18,47,192.08999633789065
2016-02-19,50,192.0
2016-02-22,51,194.77999877929688
2016-02-23,51,192.32000732421875
2016-02-24,49,193.1999969482422
2016-02-25,54,195.5399932861328
2016-02-26,57,195.08999633789065
2016-02-29,53,193.55999755859372
2016-03-01,64,198.1100006103516
2016-03-02,66,199.0
2016-03-03,69,199.77999877929688
2016-03-04,71,200.42999267578125
2016-03-07,73,200.58999633789065
2016-03-08,70,198.3999938964844
2016-03-09,71,199.3800048828125
2016-03-10,71,199.5399932861328
2016-03-11,75,202.75999450683597
2016-03-14,73,202.5
2016-03-15,73,202.1699981689453
2016-03-16,75,203.33999633789065
2016-03-17,78,204.6300048828125
2016-03-18,79,204.3800048828125
2016-03-21,78,204.6699981689453
2016-03-22,78,204.55999755859372
2016-03-23,70,203.2100067138672
2016-03-24,66,203.1199951171875
2016-03-28,64,203.2400054931641
2016-03-29,68,205.1199951171875
2016-03-30,71,206.0200042724609
2016-03-31,73,205.5200042724609
2016-04-01,78,206.9199981689453
2016-04-04,74,206.25
2016-04-05,67,204.19000244140625
2016-04-06,77,206.4199981689453
2016-04-07,66,203.9499969482422
2016-04-08,68,204.5
2016-04-11,64,204.0200042724609
2016-04-12,68,205.9199981689453
2016-04-13,71,208.0
2016-04-14,72,208.00999450683597
2016-04-15,70,207.77999877929688
2016-04-18,75,209.2400054931641
2016-04-19,75,209.8999938964844
2016-04-20,76,210.1000061035156
2016-04-21,74,208.97000122070312
2016-04-22,74,208.97000122070312
2016-04-25,70,208.6100006103516
2016-04-26,72,208.9199981689453
2016-04-27,72,209.3500061035156
2016-04-28,69,207.4499969482422
2016-04-29,63,206.3300018310547
2016-05-02,71,207.97000122070312
2016-05-03,63,206.16000366210935
2016-05-04,57,205.00999450683597
2016-05-05,58,204.97000122070312
2016-05-06,61,205.72000122070312
2016-05-09,60,205.88999938964844
2016-05-10,67,208.4499969482422
2016-05-11,60,206.5
2016-05-12,61,206.55999755859372
2016-05-13,54,204.75999450683597
2016-05-16,62,206.77999877929688
2016-05-17,53,204.8500061035156
2016-05-18,55,204.91000366210935
2016-05-19,51,204.1999969482422
2016-05-20,56,205.4900054931641
2016-05-23,54,205.2100067138672
2016-05-24,65,207.8699951171875
2016-05-25,73,209.27999877929688
2016-05-26,74,209.33999633789065
2016-05-27,78,210.2400054931641
2016-05-31,75,209.83999633789065
2016-06-01,78,210.2700042724609
2016-06-02,79,210.91000366210935
2016-06-03,75,210.27999877929688
2016-06-06,80,211.3500061035156
2016-06-07,81,211.67999267578125
2016-06-08,80,212.3699951171875
2016-06-09,79,212.0800018310547
2016-06-10,61,210.07000732421875
2016-06-13,53,208.4499969482422
2016-06-14,50,208.0399932861328
2016-06-15,50,207.75
2016-06-16,51,208.3699951171875
2016-06-17,53,206.5200042724609
2016-06-20,62,207.8500061035156
2016-06-21,67,208.44000244140625
2016-06-22,57,208.1000061035156
2016-06-23,77,210.80999755859372
2016-06-24,42,203.2400054931641
2016-06-27,37,199.6000061035156
2016-06-28,47,203.1999969482422
2016-06-29,60,206.66000366210935
2016-06-30,64,209.47999572753903
2016-07-01,71,209.9199981689453
2016-07-05,67,208.41000366210935
2016-07-06,70,209.66000366210935
2016-07-07,69,209.52999877929688
2016-07-08,78,212.6499938964844
2016-07-11,83,213.3999938964844
2016-07-12,88,214.9499969482422
2016-07-13,86,214.9199981689453
2016-07-14,90,216.1199951171875
2016-07-15,89,215.8300018310547
2016-07-18,91,216.41000366210935
2016-07-19,87,216.19000244140625
2016-07-20,90,217.08999633789065
2016-07-21,85,216.2700042724609
2016-07-22,86,217.2400054931641
2016-07-25,85,216.6499938964844
2016-07-26,85,216.75
2016-07-27,82,216.5200042724609
2016-07-28,82,216.7700042724609
2016-07-29,79,217.1199951171875
2016-08-01,77,216.94000244140625
2016-08-02,77,215.5500030517578
2016-08-03,81,216.17999267578125
2016-08-04,80,216.41000366210935
2016-08-05,86,218.17999267578125
2016-08-08,84,218.0500030517578
2016-08-09,80,218.17999267578125
2016-08-10,74,217.63999938964844
2016-08-11,80,218.6499938964844
2016-08-12,75,218.4600067138672
2016-08-15,81,219.08999633789065
2016-08-16,77,217.9600067138672
2016-08-17,76,218.3699951171875
2016-08-18,78,218.8600006103516
2016-08-19,77,218.5399932861328
2016-08-22,72,218.52999877929688
2016-08-23,76,218.97000122070312
2016-08-24,69,217.8500061035156
2016-08-25,66,217.6999969482422
2016-08-26,63,217.2899932861328
2016-08-29,64,218.3600006103516
2016-08-30,64,218.0
2016-08-31,61,217.3800048828125
2016-09-01,62,217.38999938964844
2016-09-02,65,218.3699951171875
2016-09-06,65,219.02999877929688
2016-09-07,65,219.00999450683597
2016-09-08,70,218.50999450683597
2016-09-09,43,213.27999877929688
2016-09-12,58,216.33999633789065
2016-09-13,35,213.22999572753903
2016-09-14,33,213.1499938964844
2016-09-15,43,215.27999877929688
2016-09-16,43,213.3699951171875
2016-09-19,44,213.41000366210935
2016-09-20,45,213.4199981689453
2016-09-21,56,215.82000732421875
2016-09-22,60,217.17999267578125
2016-09-23,54,215.9900054931641
2016-09-26,41,214.2400054931641
2016-09-27,45,215.57000732421875
2016-09-28,51,216.63999938964844
2016-09-29,37,214.67999267578125
2016-09-30,49,216.3000030517578
2016-10-03,45,215.77999877929688
2016-10-04,43,214.67999267578125
2016-10-05,51,215.6300048828125
2016-10-06,53,215.77999877929688
2016-10-07,51,215.0399932861328
2016-10-10,57,216.16000366210935
2016-10-11,43,213.42999267578125
2016-10-12,45,213.7100067138672
2016-10-13,34,213.00999450683597
2016-10-14,41,213.1199951171875
2016-10-17,33,212.3800048828125
2016-10-18,40,213.7100067138672
2016-10-19,39,214.27999877929688
2016-10-20,38,213.8800048828125
2016-10-21,43,213.97999572753903
2016-10-24,53,214.88999938964844
2016-10-25,48,214.1699981689453
2016-10-26,43,213.7400054931641
2016-10-27,46,213.1699981689453
2016-10-28,32,212.5399932861328
2016-10-31,30,212.5500030517578
2016-11-01,21,211.00999450683597
2016-11-02,17,209.7400054931641
2016-11-03,14,208.77999877929688
2016-11-04,14,208.5500030517578
2016-11-07,33,213.1499938964844
2016-11-08,33,214.1100006103516
2016-11-09,43,216.3800048828125
2016-11-10,45,216.9199981689453
2016-11-11,48,216.4199981689453
2016-11-14,53,216.58999633789065
2016-11-15,63,218.27999877929688
2016-11-16,60,217.8699951171875
2016-11-17,63,218.9900054931641
2016-11-18,61,218.5
2016-11-21,67,220.1499938964844
2016-11-22,67,220.5800018310547
2016-11-23,70,220.6999969482422
2016-11-25,72,221.5200042724609
2016-11-28,70,220.47999572753903
2016-11-29,71,220.91000366210935
2016-11-30,73,220.3800048828125
2016-12-01,71,219.57000732421875
2016-12-02,71,219.67999267578125
2016-12-05,75,221.0
2016-12-06,77,221.6999969482422
2016-12-07,83,224.6000061035156
2016-12-08,85,225.1499938964844
2016-12-09,87,226.50999450683597
2016-12-12,87,226.25
2016-12-13,88,227.75999450683597
2016-12-14,86,225.8800048828125
2016-12-15,86,226.80999755859372
2016-12-16,84,225.0399932861328
2016-12-19,82,225.52999877929688
2016-12-20,79,226.3999938964844
2016-12-21,74,225.7700042724609
2016-12-22,71,225.3800048828125
2016-12-23,66,225.7100067138672
2016-12-27,70,226.2700042724609
2016-12-28,64,224.3999938964844
2016-12-29,64,224.3500061035156
2016-12-30,58,223.52999877929688
2017-01-03,71,225.2400054931641
2017-01-04,71,226.5800018310547
2017-01-05,68,226.3999938964844
2017-01-06,70,227.2100067138672
2017-01-09,66,226.4600067138672
2017-01-10,62,226.4600067138672
2017-01-11,61,227.1000061035156
2017-01-12,55,226.52999877929688
2017-01-13,57,227.0500030517578
2017-01-17,57,226.25
2017-01-18,56,226.75
2017-01-19,53,225.91000366210935
2017-01-20,54,226.7400054931641
2017-01-23,49,226.1499938964844
2017-01-24,54,227.6000061035156
2017-01-25,62,229.57000732421875
2017-01-26,57,229.3300018310547
2017-01-27,59,228.97000122070312
2017-01-30,53,227.5500030517578
2017-01-31,54,227.52999877929688
2017-02-01,53,227.6199951171875
2017-02-02,51,227.7700042724609
2017-02-03,60,229.33999633789065
2017-02-06,56,228.92999267578125
2017-02-07,56,228.94000244140625
2017-02-08,61,229.2400054931641
2017-02-09,69,230.6000061035156
2017-02-10,69,231.50999450683597
2017-02-13,74,232.7700042724609
2017-02-14,79,233.6999969482422
2017-02-15,80,234.9199981689453
2017-02-16,78,234.72000122070312
2017-02-17,77,235.08999633789065
2017-02-21,83,236.4900054931641
2017-02-22,80,236.27999877929688
2017-02-23,75,236.44000244140625
2017-02-24,68,236.7400054931641
2017-02-27,71,237.1100006103516
2017-02-28,64,236.47000122070312
2017-03-01,81,239.77999877929688
2017-03-02,75,238.2700042724609
2017-03-03,74,238.4199981689453
2017-03-06,69,237.7100067138672
2017-03-07,70,237.0
2017-03-08,62,236.55999755859372
2017-03-09,62,236.8600006103516
2017-03-10,66,237.69000244140625
2017-03-13,64,237.80999755859372
2017-03-14,51,236.8999938964844
2017-03-15,53,238.9499969482422
2017-03-16,51,238.47999572753903
2017-03-17,45,237.02999877929688
2017-03-20,42,236.7700042724609
2017-03-21,36,233.72999572753903
2017-03-22,32,234.27999877929688
2017-03-23,30,234.02999877929688
2017-03-24,30,233.8600006103516
2017-03-27,29,233.6199951171875
2017-03-28,34,235.32000732421875
2017-03-29,34,235.5399932861328
2017-03-30,43,236.2899932861328
2017-03-31,47,235.7400054931641
2017-04-03,46,235.3300018310547
2017-04-04,46,235.47999572753903
2017-04-05,43,234.77999877929688
2017-04-06,43,235.44000244140625
2017-04-07,40,235.1999969482422
2017-04-10,37,235.33999633789065
2017-04-11,31,235.05999755859372
2017-04-12,28,234.02999877929688
2017-04-13,25,232.50999450683597
2017-04-17,30,234.57000732421875
2017-04-18,30,233.8699951171875
2017-04-19,30,233.44000244140625
2017-04-20,34,235.33999633789065
2017-04-21,35,234.58999633789065
2017-04-24,39,237.1699981689453
2017-04-25,46,238.5500030517578
2017-04-26,48,238.3999938964844
2017-04-27,50,238.6000061035156
2017-04-28,50,238.0800018310547
2017-05-01,49,238.67999267578125
2017-05-02,51,238.7700042724609
2017-05-03,47,238.47999572753903
2017-05-04,45,238.75999450683597
2017-05-05,47,239.6999969482422
2017-05-08,49,239.66000366210935
2017-05-09,50,239.44000244140625
2017-05-10,61,239.8699951171875
2017-05-11,63,239.3800048828125
2017-05-12,62,238.97999572753903
2017-05-15,64,240.3000030517578
2017-05-16,66,240.0800018310547
2017-05-17,45,235.82000732421875
2017-05-18,43,236.7700042724609
2017-05-19,49,238.30999755859372
2017-05-22,50,239.5200042724609
2017-05-23,45,240.0500030517578
2017-05-24,54,240.6100006103516
2017-05-25,57,241.75999450683597
2017-05-26,58,241.7100067138672
2017-05-30,53,241.5
2017-05-31,50,241.44000244140625
2017-06-01,58,243.3600006103516
2017-06-02,57,244.1699981689453
2017-06-05,58,243.9900054931641
2017-06-06,55,243.2100067138672
2017-06-07,55,243.66000366210935
2017-06-08,55,243.77999877929688
2017-06-09,54,243.41000366210935
2017-06-12,55,243.3600006103516
2017-06-13,55,244.5500030517578
2017-06-14,52,244.2400054931641
2017-06-15,52,243.7700042724609
2017-06-16,50,242.63999938964844
2017-06-19,57,244.66000366210935
2017-06-20,48,243.00999450683597
2017-06-21,42,242.9499969482422
2017-06-22,50,242.83999633789065
2017-06-23,52,243.1300048828125
2017-06-26,53,243.2899932861328
2017-06-27,48,241.3300018310547
2017-06-28,60,243.4900054931641
2017-06-29,47,241.3500061035156
2017-06-30,49,241.8000030517578
2017-07-03,54,242.2100067138672
2017-07-05,57,242.7700042724609
2017-07-06,44,240.5500030517578
2017-07-07,49,242.1100006103516
2017-07-10,46,242.3699951171875
2017-07-11,41,242.19000244140625
2017-07-12,47,244.00999450683597
2017-07-13,54,244.4199981689453
2017-07-14,64,245.55999755859372
2017-07-17,67,245.52999877929688
2017-07-18,62,245.66000366210935
2017-07-19,74,246.9900054931641
2017-07-20,76,247.1000061035156
2017-07-21,73,246.8800048828125
2017-07-24,72,246.82000732421875
2017-07-25,81,247.4199981689453
2017-07-26,78,247.42999267578125
2017-07-27,73,247.1999969482422
2017-07-28,70,246.91000366210935
2017-07-31,70,246.7700042724609
2017-08-01,65,247.32000732421875
2017-08-02,67,247.44000244140625
2017-08-03,59,246.9600067138672
2017-08-04,64,247.41000366210935
2017-08-07,63,247.8699951171875
2017-08-08,61,247.25999450683597
2017-08-09,54,247.25
2017-08-10,31,243.75999450683597
2017-08-11,28,244.1199951171875
2017-08-14,39,246.5399932861328
2017-08-15,36,246.50999450683597
2017-08-16,34,246.94000244140625
2017-08-17,19,243.08999633789065
2017-08-18,17,242.7100067138672
2017-08-21,15,242.8999938964844
2017-08-22,23,245.44000244140625
2017-08-23,19,244.55999755859372
2017-08-24,22,243.9900054931641
2017-08-25,27,244.55999755859372
2017-08-28,29,244.57000732421875
2017-08-29,28,244.8500061035156
2017-08-30,35,246.00999450683597
2017-08-31,43,247.4900054931641
2017-09-01,50,247.83999633789065
2017-09-05,35,246.05999755859372
2017-09-06,41,246.8999938964844
2017-09-07,38,246.8699951171875
2017-09-08,38,246.5800018310547
2017-09-11,53,249.2100067138672
2017-09-12,63,250.0500030517578
2017-09-13,68,250.1699981689453
2017-09-14,68,250.08999633789065
2017-09-15,77,249.19000244140625
2017-09-18,80,249.72000122070312
2017-09-19,81,249.97000122070312
2017-09-20,79,250.05999755859372
2017-09-21,73,249.38999938964844
2017-09-22,70,249.44000244140625
2017-09-25,65,248.92999267578125
2017-09-26,67,249.0800018310547
2017-09-27,78,250.0500030517578
2017-09-28,79,250.3500061035156
2017-09-29,85,251.22999572753903
2017-10-02,89,252.32000732421875
2017-10-03,92,252.8600006103516
2017-10-04,91,253.16000366210935
2017-10-05,95,254.66000366210935
2017-10-06,92,254.3699951171875
2017-10-09,84,253.9499969482422
2017-10-10,85,254.6199951171875
2017-10-11,83,255.0200042724609
2017-10-12,77,254.63999938964844
2017-10-13,73,254.9499969482422
2017-10-16,78,255.2899932861328
2017-10-17,78,255.47000122070312
2017-10-18,82,255.72000122070312
2017-10-19,83,255.7899932861328
2017-10-20,90,257.1099853515625
2017-10-23,85,256.1099853515625
2017-10-24,87,256.5599975585937
2017-10-25,75,255.2899932861328
2017-10-26,71,255.6199951171875
2017-10-27,73,257.7099914550781
2017-10-30,74,256.75
2017-10-31,65,257.1499938964844
2017-11-01,72,257.489990234375
2017-11-02,69,257.5899963378906
2017-11-03,66,258.45001220703125
2017-11-06,68,258.8500061035156
2017-11-07,58,258.6700134277344
2017-11-08,54,259.1099853515625
2017-11-09,54,258.1700134277344
2017-11-10,54,258.0899963378906
2017-11-13,53,258.3299865722656
2017-11-14,49,257.7300109863281
2017-11-15,36,256.44000244140625
2017-11-16,50,258.6199951171875
2017-11-17,44,257.8599853515625
2017-11-20,50,258.29998779296875
2017-11-21,54,259.989990234375
2017-11-22,54,259.760009765625
2017-11-24,59,260.3599853515625
2017-11-27,51,260.2300109863281
2017-11-28,64,262.8699951171875
2017-11-29,67,262.7099914550781
2017-11-30,73,265.010009765625
2017-12-01,70,264.4599914550781
2017-12-04,64,264.1400146484375
2017-12-05,63,263.19000244140625
2017-12-06,60,263.239990234375
2017-12-07,60,264.07000732421875
2017-12-08,64,265.510009765625
2017-12-11,62,266.3099975585937
2017-12-12,66,266.7799987792969
2017-12-13,67,266.75
2017-12-14,66,265.6600036621094
2017-12-15,68,266.510009765625
2017-12-18,74,268.20001220703125
2017-12-19,73,267.1700134277344
2017-12-20,72,267.0299987792969
2017-12-21,68,267.5799865722656
2017-12-22,66,267.510009765625
2017-12-26,64,267.19000244140625
2017-12-27,61,267.32000732421875
2017-12-28,62,267.8699951171875
2017-12-29,53,266.8599853515625
2018-01-02,63,268.7699890136719
2018-01-03,67,270.4700012207031
2018-01-04,72,271.6099853515625
2018-01-05,75,273.4200134277344
2018-01-08,75,273.9200134277344
2018-01-09,76,274.5400085449219
2018-01-10,75,274.1199951171875
2018-01-11,77,276.1199951171875
2018-01-12,79,277.9200134277344
2018-01-16,75,276.9700012207031
2018-01-17,75,279.6099853515625
2018-01-18,72,279.1400146484375
2018-01-19,80,280.4100036621094
2018-01-22,79,282.69000244140625
2018-01-23,78,283.2900085449219
2018-01-24,78,283.17999267578125
2018-01-25,77,283.29998779296875
2018-01-26,79,286.5799865722656
2018-01-29,68,284.67999267578125
2018-01-30,62,281.760009765625
2018-01-31,61,281.8999938964844
2018-02-01,58,281.5799865722656
2018-02-02,40,275.45001220703125
2018-02-05,17,263.92999267578125
2018-02-06,18,269.1300048828125
2018-02-07,16,267.6700134277344
2018-02-08,8,257.6300048828125
2018-02-09,10,261.5
2018-02-12,12,265.3399963378906
2018-02-13,13,266.0
2018-02-14,11,269.5899963378906
2018-02-15,15,273.0299987792969
2018-02-16,18,273.1099853515625
2018-02-20,17,271.3999938964844
2018-02-21,18,270.04998779296875
2018-02-22,15,270.3999938964844
2018-02-23,18,274.7099914550781
2018-02-26,20,277.8999938964844
2018-02-27,17,274.42999267578125
2018-02-28,12,271.6499938964844
2018-03-01,8,267.70001220703125
2018-03-02,10,269.0799865722656
2018-03-05,14,272.19000244140625
2018-03-06,26,272.8800048828125
2018-03-07,20,272.7799987792969
2018-03-08,20,274.1000061035156
2018-03-09,44,278.8699951171875
2018-03-12,40,278.5199890136719
2018-03-13,36,276.7200012207031
2018-03-14,30,275.29998779296875
2018-03-15,21,275.0
2018-03-16,19,274.20001220703125
2018-03-19,14,270.489990234375
2018-03-20,15,270.95001220703125
2018-03-21,16,270.42999267578125
2018-03-22,9,263.6700134277344
2018-03-23,7,258.04998779296875
2018-03-26,8,265.1099853515625
2018-03-27,7,260.6000061035156
2018-03-28,6,259.8299865722656
2018-03-29,8,263.1499938964844
2018-04-02,7,257.4700012207031
2018-04-03,9,260.7699890136719
2018-04-04,11,263.5599975585937
2018-04-05,13,265.6400146484375
2018-04-06,9,259.7200012207031
2018-04-09,12,261.0
2018-04-10,17,265.1499938964844
2018-04-11,17,263.760009765625
2018-04-12,22,265.92999267578125
2018-04-13,23,265.1499938964844
2018-04-16,25,267.3299865722656
2018-04-17,28,270.19000244140625
2018-04-18,32,270.3900146484375
2018-04-19,32,268.8900146484375
2018-04-20,38,266.6099853515625
2018-04-23,40,266.57000732421875
2018-04-24,33,262.9800109863281
2018-04-25,38,263.6300048828125
2018-04-26,42,266.3099975585937
2018-04-27,40,266.5599975585937
2018-04-30,42,264.510009765625
2018-05-01,42,264.9800109863281
2018-05-02,38,263.20001220703125
2018-05-03,32,262.6199951171875
2018-05-04,40,266.0199890136719
2018-05-07,44,266.9200134277344
2018-05-08,41,266.9200134277344
2018-05-09,49,269.5
2018-05-10,54,272.0199890136719
2018-05-11,55,272.8500061035156
2018-05-14,54,272.9800109863281
2018-05-15,52,271.1000061035156
2018-05-16,55,272.239990234375
2018-05-17,55,272.010009765625
2018-05-18,52,271.3299865722656
2018-05-21,56,273.3699951171875
2018-05-22,59,272.6099853515625
2018-05-23,54,273.3599853515625
2018-05-24,48,272.79998779296875
2018-05-25,44,272.1499938964844
2018-05-29,34,269.0199890136719
2018-05-30,42,272.6099853515625
2018-05-31,43,270.94000244140625
2018-06-01,52,273.6000061035156
2018-06-04,55,274.8999938964844
2018-06-05,58,275.1000061035156
2018-06-06,65,277.3999938964844
2018-06-07,62,277.3699951171875
2018-06-08,63,278.19000244140625
2018-06-11,65,278.5599975585937
2018-06-12,65,278.9200134277344
2018-06-13,63,278.0299987792969
2018-06-14,63,278.7300109863281
2018-06-15,61,277.1300048828125
2018-06-18,61,276.5599975585937
2018-06-19,53,275.5
2018-06-20,57,275.9700012207031
2018-06-21,52,274.239990234375
2018-06-22,53,274.739990234375
2018-06-25,42,271.0
2018-06-26,47,271.6000061035156
2018-06-27,36,269.3500061035156
2018-06-28,39,270.8900146484375
2018-06-29,34,271.2799987792969
2018-07-02,35,271.8599853515625
2018-07-03,32,270.8999938964844
2018-07-05,33,273.1099853515625
2018-07-06,40,275.4200134277344
2018-07-09,47,277.8999938964844
2018-07-10,49,278.8999938964844
2018-07-11,41,276.8599853515625
2018-07-12,49,279.3699951171875
2018-07-13,47,279.5899963378906
2018-07-16,45,279.3399963378906
2018-07-17,49,280.4700012207031
2018-07-18,56,281.0599975585937
2018-07-19,50,280.0
2018-07-20,53,279.67999267578125
2018-07-23,58,280.20001220703125
2018-07-24,64,281.6099853515625
2018-07-25,70,284.010009765625
2018-07-26,72,283.3399963378906
2018-07-27,67,281.4200134277344
2018-07-30,64,279.95001220703125
2018-07-31,66,281.3299865722656
2018-08-01,66,280.8599853515625
2018-08-02,68,282.3900146484375
2018-08-03,71,283.6000061035156
2018-08-06,72,284.6400146484375
2018-08-07,73,285.5799865722656
2018-08-08,74,285.4599914550781
2018-08-09,70,285.07000732421875
2018-08-10,60,283.1600036621094
2018-08-13,56,282.1000061035156
2018-08-14,58,283.8999938964844
2018-08-15,46,281.7799987792969
2018-08-16,51,284.0599975585937
2018-08-17,54,285.0599975585937
2018-08-20,55,285.6700134277344
2018-08-21,61,286.3399963378906
2018-08-22,61,286.1700134277344
2018-08-23,59,285.7900085449219
2018-08-24,68,287.510009765625
2018-08-27,77,289.7799987792969
2018-08-28,74,289.9200134277344
2018-08-29,78,291.4800109863281
2018-08-30,73,290.29998779296875
2018-08-31,71,290.3099975585937
2018-09-04,67,289.8099975585937
2018-09-05,62,289.0299987792969
2018-09-06,53,288.1600036621094
2018-09-07,52,287.6000061035156
2018-09-10,56,288.1000061035156
2018-09-11,59,289.04998779296875
2018-09-12,59,289.1199951171875
2018-09-13,72,290.8299865722656
2018-09-14,73,290.8800048828125
2018-09-17,67,289.3399963378906
2018-09-18,73,290.9100036621094
2018-09-19,71,291.2200012207031
2018-09-20,74,293.5799865722656
2018-09-21,75,291.989990234375
2018-09-24,70,291.0199890136719
2018-09-25,64,290.75
2018-09-26,53,289.8800048828125
2018-09-27,48,290.69000244140625
2018-09-28,47,290.7200012207031
2018-10-01,49,291.7300109863281
2018-10-02,45,291.5599975585937
2018-10-03,51,291.7200012207031
2018-10-04,43,289.44000244140625
2018-10-05,33,287.82000732421875
2018-10-08,28,287.82000732421875
2018-10-09,23,287.3999938964844
2018-10-10,8,278.29998779296875
2018-10-11,5,272.1700134277344
2018-10-12,11,275.95001220703125
2018-10-15,11,274.3999938964844
2018-10-16,13,280.3999938964844
2018-10-17,14,280.45001220703125
2018-10-18,12,276.3999938964844
2018-10-19,14,276.25
2018-10-22,16,275.010009765625
2018-10-23,12,273.6099853515625
2018-10-24,6,265.32000732421875
2018-10-25,9,270.0799865722656
2018-10-26,7,265.3299865722656
2018-10-29,7,263.8599853515625
2018-10-30,10,267.7699890136719
2018-10-31,7,270.6300048828125
2018-11-01,6,273.510009765625
2018-11-02,8,271.8900146484375
2018-11-05,9,273.3900146484375
2018-11-06,12,275.1199951171875
2018-11-07,25,281.010009765625
2018-11-08,29,280.5
2018-11-09,18,277.760009765625
2018-11-12,11,272.57000732421875
2018-11-13,10,272.0599975585937
2018-11-14,7,270.20001220703125
2018-11-15,10,273.0199890136719
2018-11-16,10,273.7300109863281
2018-11-19,8,269.1000061035156
2018-11-20,7,264.1199951171875
2018-11-21,13,265.0199890136719
2018-11-23,9,263.25
2018-11-26,17,267.5
2018-11-27,19,268.3999938964844
2018-11-28,23,274.5799865722656
2018-11-29,23,273.9800109863281
2018-11-30,22,275.6499938964844
2018-12-03,32,279.29998779296875
2018-12-04,20,270.25
2018-12-06,15,269.8399963378906
2018-12-07,11,263.57000732421875
2018-12-10,9,264.07000732421875
2018-12-11,8,264.1300048828125
2018-12-12,10,265.4599914550781
2018-12-13,11,265.3699951171875
2018-12-14,8,260.4700012207031
2018-12-17,10,255.3600006103516
2018-12-18,8,255.0800018310547
2018-12-19,8,251.25999450683597
2018-12-20,5,247.1699981689453
2018-12-21,3,240.6999969482422
2018-12-24,2,234.33999633789065
2018-12-26,4,246.17999267578125
2018-12-27,8,248.07000732421875
2018-12-28,12,247.75
2018-12-31,12,249.9199981689453
2019-01-02,12,250.17999267578125
2019-01-03,10,244.2100067138672
2019-01-04,16,252.38999938964844
2019-01-07,19,254.3800048828125
2019-01-08,24,256.7699890136719
2019-01-09,27,257.9700012207031
2019-01-10,31,258.8800048828125
2019-01-11,30,258.9800109863281
2019-01-14,28,257.3999938964844
2019-01-15,31,260.3500061035156
2019-01-16,38,260.9800109863281
2019-01-17,44,262.9599914550781
2019-01-18,51,266.4599914550781
2019-01-22,51,262.8599853515625
2019-01-23,55,263.4100036621094
2019-01-24,58,263.54998779296875
2019-01-25,58,265.7799987792969
2019-01-28,55,263.760009765625
2019-01-29,55,263.4100036621094
2019-01-30,58,267.5799865722656
2019-01-31,60,269.92999267578125
2019-02-01,61,270.0599975585937
2019-02-04,64,271.9599914550781
2019-02-05,64,273.1000061035156
2019-02-06,65,272.739990234375
2019-02-07,62,270.1400146484375
2019-02-08,61,270.4700012207031
2019-02-11,62,270.6199951171875
2019-02-12,67,274.1000061035156
2019-02-13,67,274.989990234375
2019-02-14,65,274.3800048828125
2019-02-15,70,277.3699951171875
2019-02-19,68,277.8500061035156
2019-02-20,70,278.4100036621094
2019-02-21,68,277.4200134277344
2019-02-22,69,279.1400146484375
2019-02-25,70,279.5199890136719
2019-02-26,70,279.32000732421875
2019-02-27,72,279.20001220703125
2019-02-28,72,278.67999267578125
2019-03-01,72,280.4200134277344
2019-03-04,66,279.3999938964844
2019-03-05,66,279.0199890136719
2019-03-06,63,277.3299865722656
2019-03-07,59,275.010009765625
2019-03-08,55,274.4599914550781
2019-03-11,59,278.44000244140625
2019-03-12,58,279.489990234375
2019-03-13,60,281.3399963378906
2019-03-14,60,281.1600036621094
2019-03-15,65,281.3099975585937
2019-03-18,65,282.3299865722656
2019-03-19,67,282.3999938964844
2019-03-20,62,281.54998779296875
2019-03-21,68,284.7300109863281
2019-03-22,59,279.25
2019-03-25,56,279.0400085449219
2019-03-26,54,281.1199951171875
2019-03-27,51,279.6499938964844
2019-03-28,48,280.7099914550781
2019-03-29,49,282.4800109863281
2019-04-01,54,285.8299865722656
2019-04-02,56,285.9700012207031
2019-04-03,62,286.4200134277344
2019-04-04,70,287.17999267578125
2019-04-05,74,288.57000732421875
2019-04-08,74,288.7900085449219
2019-04-09,70,287.3099975585937
2019-04-10,69,288.2900085449219
2019-04-11,68,288.2099914550781
2019-04-12,74,290.1600036621094
2019-04-15,68,289.9700012207031
2019-04-16,70,290.1600036621094
2019-04-17,71,289.45001220703125
2019-04-18,70,290.0199890136719
2019-04-22,71,290.2699890136719
2019-04-23,75,292.8800048828125
2019-04-24,70,292.2300109863281
2019-04-25,71,292.04998779296875
2019-04-26,72,293.4100036621094
2019-04-29,71,293.8699951171875
2019-04-30,66,294.0199890136719
2019-05-01,62,291.8099975585937
2019-05-02,59,291.17999267578125
2019-05-03,60,294.0299987792969
2019-05-06,55,292.82000732421875
2019-05-07,40,287.92999267578125
2019-05-08,42,287.5299987792969
2019-05-09,40,286.6600036621094
2019-05-10,44,288.1000061035156
2019-05-13,32,280.8599853515625
2019-05-14,35,283.3999938964844
2019-05-15,35,285.0599975585937
2019-05-16,39,287.70001220703125
2019-05-17,36,285.8399963378906
2019-05-20,34,283.95001220703125
2019-05-21,34,286.510009765625
2019-05-22,32,285.6300048828125
2019-05-23,28,282.1400146484375
2019-05-24,27,282.7799987792969
2019-05-28,25,280.1499938964844
2019-05-29,23,278.2699890136719
2019-05-30,24,279.0299987792969
2019-05-31,24,275.2699890136719
2019-06-03,23,274.57000732421875
2019-06-04,26,280.5299987792969
2019-06-05,29,282.9599914550781
2019-06-06,29,284.79998779296875
2019-06-07,32,287.6499938964844
2019-06-10,37,288.9700012207031
2019-06-11,36,288.8999938964844
2019-06-12,34,288.3900146484375
2019-06-13,39,289.5799865722656
2019-06-14,38,289.260009765625
2019-06-17,37,289.3699951171875
2019-06-18,44,292.3999938964844
2019-06-19,42,293.0599975585937
2019-06-20,45,295.8599853515625
2019-06-21,50,294.0
2019-06-24,50,293.6400146484375
2019-06-25,44,290.760009765625
2019-06-26,48,290.4700012207031
2019-06-27,47,291.5
2019-06-28,50,293.0
2019-07-01,55,295.6600036621094
2019-07-02,56,296.42999267578125
2019-07-03,63,298.79998779296875
2019-07-05,61,298.4599914550781
2019-07-08,59,296.82000732421875
2019-07-09,56,297.19000244140625
2019-07-10,58,298.6099853515625
2019-07-11,62,299.3099975585937
2019-07-12,64,300.6499938964844
2019-07-15,57,300.75
2019-07-16,55,299.7799987792969
2019-07-17,47,297.739990234375
2019-07-18,47,298.8299865722656
2019-07-19,44,297.1700134277344
2019-07-22,44,297.8999938964844
2019-07-23,50,300.0299987792969
2019-07-24,57,301.44000244140625
2019-07-25,55,300.0
2019-07-26,60,302.010009765625
2019-07-29,58,301.4599914550781
2019-07-30,53,300.7200012207031
2019-07-31,48,297.42999267578125
2019-08-01,43,294.8399963378906
2019-08-02,36,292.6199951171875
2019-08-05,22,283.82000732421875
2019-08-06,27,287.79998779296875
2019-08-07,25,287.9700012207031
2019-08-08,25,293.6199951171875
2019-08-09,25,291.6199951171875
2019-08-12,23,288.07000732421875
2019-08-13,27,292.54998779296875
2019-08-14,21,283.8999938964844
2019-08-15,19,284.6499938964844
2019-08-16,20,288.8500061035156
2019-08-19,26,292.3299865722656
2019-08-20,23,290.0899963378906
2019-08-21,25,292.45001220703125
2019-08-22,25,292.3599853515625
2019-08-23,18,284.8500061035156
2019-08-26,19,288.0
2019-08-27,16,286.8699951171875
2019-08-28,18,288.8900146484375
2019-08-29,26,292.5799865722656
2019-08-30,23,292.45001220703125
2019-09-03,25,290.739990234375
2019-09-04,28,294.0400085449219
2019-09-05,39,297.82000732421875
2019-09-06,35,298.04998779296875
2019-09-09,45,298.20001220703125
2019-09-10,55,298.1300048828125
2019-09-11,57,300.25
2019-09-12,65,301.2900085449219
2019-09-13,68,301.0899963378906
2019-09-16,67,300.1600036621094
2019-09-17,66,300.9200134277344
2019-09-18,66,301.1000061035156
2019-09-19,63,301.0799865722656
2019-09-20,58,298.2799987792969
2019-09-23,59,298.2099914550781
2019-09-24,54,295.8699951171875
2019-09-25,59,297.6199951171875
2019-09-26,57,297.0
2019-09-27,52,295.3999938964844
2019-09-30,54,296.7699890136719
2019-10-01,48,293.239990234375
2019-10-02,34,288.0599975585937
2019-10-03,29,290.4200134277344
2019-10-04,32,294.3500061035156
2019-10-07,30,293.0799865722656
2019-10-08,29,288.5299987792969
2019-10-09,30,291.2699890136719
2019-10-10,36,293.239990234375
2019-10-11,42,296.2799987792969
2019-10-14,42,295.95001220703125
2019-10-15,42,298.8800048828125
2019-10-16,47,298.3999938964844
2019-10-17,50,299.2799987792969
2019-10-18,50,297.9700012207031
2019-10-21,56,299.989990234375
2019-10-22,59,299.010009765625
2019-10-23,55,299.8800048828125
2019-10-24,57,300.3699951171875
2019-10-25,62,301.6000061035156
2019-10-28,67,303.29998779296875
2019-10-29,71,303.2099914550781
2019-10-30,75,304.1400146484375
2019-10-31,72,303.3299865722656
2019-11-01,80,306.1400146484375
2019-11-04,86,307.3699951171875
2019-11-05,89,307.0299987792969
2019-11-06,88,307.1000061035156
2019-11-07,91,308.17999267578125
2019-11-08,91,308.94000244140625
2019-11-11,89,308.3500061035156
2019-11-12,88,309.0
2019-11-13,87,309.1000061035156
2019-11-14,83,309.54998779296875
2019-11-15,87,311.7900085449219
2019-11-18,83,312.0199890136719
2019-11-19,80,311.92999267578125
2019-11-20,74,310.7699890136719
2019-11-21,70,310.2699890136719
2019-11-22,69,310.9599914550781
2019-11-25,70,313.3699951171875
2019-11-26,69,314.0799865722656
2019-11-27,78,315.4800109863281
2019-11-29,78,314.3099975585937
2019-12-02,74,311.6400146484375
2019-12-03,63,309.54998779296875
2019-12-04,67,311.4599914550781
2019-12-05,67,312.0199890136719
2019-12-06,70,314.8699951171875
2019-12-09,68,313.8800048828125
2019-12-10,65,313.5299987792969
2019-12-11,61,314.4200134277344
2019-12-12,74,317.1300048828125
2019-12-13,75,317.32000732421875
2019-12-16,82,319.5
2019-12-17,85,319.57000732421875
2019-12-18,87,319.5899963378906
2019-12-19,90,320.8999938964844
2019-12-20,91,320.7300109863281
2019-12-23,92,321.2200012207031
2019-12-24,91,321.2300109863281
2019-12-26,93,322.94000244140625
2019-12-27,91,322.8599853515625
2019-12-30,90,321.0799865722656
2019-12-31,93,321.8599853515625
2020-01-02,97,324.8699951171875
2020-01-03,93,322.4100036621094
2020-01-06,93,323.6400146484375
2020-01-07,89,322.7300109863281
2020-01-08,92,324.45001220703125
2020-01-09,93,326.6499938964844
2020-01-10,91,325.7099914550781
2020-01-13,90,327.95001220703125
2020-01-14,90,327.45001220703125
2020-01-15,86,328.19000244140625
2020-01-16,89,330.9200134277344
2020-01-17,89,331.95001220703125
2020-01-21,81,331.29998779296875
2020-01-22,74,331.3399963378906
2020-01-23,68,331.7200012207031
2020-01-24,62,328.7699890136719
2020-01-27,47,323.5
2020-01-28,53,326.8900146484375
2020-01-29,52,326.6199951171875
2020-01-30,56,327.67999267578125
2020-01-31,44,321.7300109863281
2020-02-03,46,324.1199951171875
2020-02-04,55,329.0599975585937
2020-02-05,60,332.8599853515625
2020-02-06,63,333.9800109863281
2020-02-07,57,332.20001220703125
2020-02-10,57,334.67999267578125
2020-02-11,56,335.260009765625
2020-02-12,60,337.4200134277344
2020-02-13,58,337.0599975585937
2020-02-14,55,337.6000061035156
2020-02-18,51,336.7300109863281
2020-02-19,53,338.3399963378906
2020-02-20,49,336.95001220703125
2020-02-21,44,333.4800109863281
2020-02-24,29,322.4200134277344
2020-02-25,22,312.6499938964844
2020-02-26,21,311.5
2020-02-27,13,297.510009765625
2020-02-28,10,296.260009765625
2020-03-02,12,309.0899963378906
2020-03-03,10,300.239990234375
2020-03-04,15,312.8599853515625
2020-03-05,9,302.4599914550781
2020-03-06,6,297.4599914550781
2020-03-09,3,274.2300109863281
2020-03-10,6,288.4200134277344
2020-03-11,4,274.3599853515625
2020-03-12,2,248.1100006103516
2020-03-13,5,269.32000732421875
2020-03-16,3,239.8500061035156
2020-03-17,5,252.8000030517578
2020-03-18,5,240.0
2020-03-19,7,240.50999450683597
2020-03-20,8,228.8000030517578
2020-03-23,5,222.9499969482422
2020-03-24,13,243.1499938964844
2020-03-25,17,246.7899932861328
2020-03-26,22,261.20001220703125
2020-03-27,23,253.4199981689453
2020-03-30,25,261.6499938964844
2020-03-31,25,257.75
2020-04-01,22,246.1499938964844
2020-04-02,22,251.8300018310547
2020-04-03,22,248.19000244140625
2020-04-06,32,264.8599853515625
2020-04-07,26,265.1300048828125
2020-04-08,33,274.0299987792969
2020-04-09,43,278.20001220703125
2020-04-13,36,275.6600036621094
2020-04-14,45,283.7900085449219
2020-04-15,41,277.760009765625
2020-04-16,42,279.1000061035156
2020-04-17,44,286.6400146484375
2020-04-20,41,281.5899963378906
2020-04-21,40,273.0400085449219
2020-04-22,41,279.1000061035156
2020-04-23,40,279.0799865722656
2020-04-24,39,282.9700012207031
2020-04-27,43,287.04998779296875
2020-04-28,41,285.7300109863281
2020-04-29,46,293.2099914550781
2020-04-30,47,290.4800109863281
2020-05-01,42,282.7900085449219
2020-05-04,44,283.57000732421875
2020-05-05,44,286.19000244140625
2020-05-06,40,284.25
2020-05-07,41,287.67999267578125
2020-05-08,45,292.44000244140625
2020-05-11,44,292.5
2020-05-12,38,286.6700134277344
2020-05-13,38,281.6000061035156
2020-05-14,39,284.9700012207031
2020-05-15,39,286.2799987792969
2020-05-18,49,295.0
2020-05-19,47,291.9700012207031
2020-05-20,53,296.92999267578125
2020-05-21,52,294.8800048828125
2020-05-22,50,295.44000244140625
2020-05-26,51,299.0799865722656
2020-05-27,54,303.5299987792969
2020-05-28,50,302.9700012207031
2020-05-29,52,304.32000732421875
2020-06-01,58,305.54998779296875
2020-06-02,58,308.0799865722656
2020-06-03,61,312.17999267578125
2020-06-04,62,311.3599853515625
2020-06-05,66,319.3399963378906
2020-07-09,53,314.3800048828125
2020-07-10,59,317.5899963378906
2020-07-13,53,314.8399963378906
2020-07-14,62,318.9200134277344
2020-07-15,63,321.8500061035156
2020-07-16,62,320.7900085449219
2020-07-17,63,321.7200012207031
2020-07-20,66,324.32000732421875
2020-07-21,65,325.010009765625
2020-07-22,65,326.8599853515625
2020-07-23,68,322.9599914550781
2020-07-24,63,320.8800048828125
2020-07-27,66,323.2200012207031
2020-07-28,62,321.1700134277344
2020-07-29,65,325.1199951171875
2020-07-30,61,323.9599914550781
2020-07-31,65,326.5199890136719
2020-08-03,67,328.7900085449219
2020-08-04,68,330.0599975585937
2020-08-05,70,332.1099853515625
2020-08-06,74,334.3299865722656
2020-08-07,72,334.57000732421875
2020-08-10,75,335.57000732421875
2020-08-11,71,332.79998779296875
2020-08-12,74,337.44000244140625
2020-08-13,72,336.8299865722656
2020-08-14,72,336.8399963378906
2020-08-17,71,337.9100036621094
2020-08-18,70,338.6400146484375
2020-08-19,68,337.2300109863281
2020-08-20,70,338.2799987792969
2020-08-21,70,339.4800109863281
2020-08-24,73,342.9200134277344
2020-08-25,74,344.1199951171875
2020-08-26,75,347.57000732421875
2020-08-27,76,348.3299865722656
2020-08-28,78,350.5799865722656
2020-08-31,74,349.3099975585937
2020-09-01,77,352.6000061035156
2020-09-02,78,357.70001220703125
2020-09-03,58,345.3900146484375
2020-09-04,59,342.57000732421875
2020-09-08,54,333.2099914550781
2020-09-09,66,339.7900085449219
2020-09-10,59,333.8900146484375
2020-09-11,58,334.0599975585937
2020-09-14,59,338.4599914550781
2020-09-15,59,340.1700134277344
2020-09-16,56,338.82000732421875
2020-09-17,53,335.8399963378906
2020-09-18,52,330.6499938964844
2020-09-21,51,326.9700012207031
2020-09-22,52,330.29998779296875
2020-09-23,46,322.6400146484375
2020-09-24,48,323.5
2020-09-25,49,328.7300109863281
2020-09-28,50,334.19000244140625
2020-09-29,44,332.3699951171875
2020-09-30,45,334.8900146484375
2020-10-01,41,337.0400085449219
2020-10-02,40,333.8399963378906
2020-10-05,45,339.760009765625
2020-10-06,44,334.92999267578125
2020-10-07,51,340.760009765625
2020-10-08,53,343.7799987792969
2020-10-09,55,346.8500061035156
2020-10-12,60,352.42999267578125
2020-10-13,56,350.1300048828125
2020-10-14,55,347.92999267578125
2020-10-15,59,347.5
2020-10-16,62,347.2900085449219
2020-10-19,59,342.010009765625
2020-10-20,58,343.3800048828125
2020-10-21,63,342.7300109863281
2020-10-22,69,344.6099853515625
2020-10-23,67,345.7799987792969
2020-10-26,44,339.3900146484375
2020-10-27,47,338.2200012207031
2020-10-28,33,326.6600036621094
2020-10-29,33,329.9800109863281
2020-10-30,29,326.5400085449219
2020-11-02,25,330.20001220703125
2020-11-03,32,336.0299987792969
2020-11-04,36,343.5400085449219
2020-11-05,41,350.239990234375
2020-11-06,40,350.1600036621094
2020-11-09,54,354.5599975585937
2020-11-10,58,354.0400085449219
2020-11-11,66,356.6700134277344
2020-11-12,55,353.2099914550781
2020-11-13,59,358.1000061035156
2020-11-16,71,362.5700073242188
2020-11-17,67,360.6199951171875
2020-11-18,63,356.2799987792969
2020-11-19,64,357.7799987792969
2020-11-20,62,355.3299865722656
2020-11-23,75,357.4599914550781
2020-11-24,88,363.2200012207031
2020-11-25,91,362.6600036621094
2020-11-27,92,363.6700134277344
2020-11-30,88,362.05999755859375
2020-12-01,85,366.0199890136719
2020-12-02,87,366.7900085449219
2020-12-03,85,366.6900024414063
2020-12-04,89,369.8500061035156
2020-12-07,88,369.0899963378906
2020-12-08,82,370.1700134277344
2020-12-09,80,366.8500061035156
2020-12-10,77,366.7300109863281
2020-12-11,76,366.2999877929688
2020-12-14,69,364.6600036621094
2020-12-15,69,369.5899963378906
2020-12-16,69,370.1700134277344
2020-12-17,71,372.239990234375
2020-12-18,63,369.1799926757813
2020-12-21,63,367.8599853515625
2020-12-22,59,367.239990234375
2020-12-23,57,367.5700073242188
2020-12-24,54,369.0
2020-12-28,54,372.1700134277344
2020-12-29,52,371.4599914550781
2020-12-30,50,371.989990234375
2020-12-31,51,373.8800048828125
2021-01-04,52,368.7900085449219
2021-01-05,53,371.3299865722656
2021-01-06,59,373.5499877929688
2021-01-07,66,379.1000061035156
2021-01-08,71,381.260009765625
2021-01-11,65,378.6900024414063
2021-01-12,69,378.7699890136719
2021-01-13,70,379.7900085449219
2021-01-14,67,378.4599914550781
2021-01-15,60,375.7000122070313
2021-01-19,61,378.6499938964844
2021-01-20,69,383.8900146484375
2021-01-21,63,384.239990234375
2021-01-22,69,382.8800048828125
2021-01-25,66,384.3900146484375
2021-01-26,62,383.7900085449219
2021-01-27,40,374.4100036621094
2021-01-28,45,377.6300048828125
2021-01-29,38,370.0700073242188
2021-02-01,39,376.2300109863281
2021-02-02,58,381.5499877929688
2021-02-03,50,381.8500061035156
2021-02-04,60,386.1900024414063
2021-02-05,60,387.7099914550781
2021-02-08,56,390.510009765625
2021-02-09,65,390.25
2021-02-10,63,390.0799865722656
2021-02-11,66,390.7099914550781
2021-02-12,73,392.6400146484375
2021-02-16,71,392.2999877929688
2021-02-17,66,392.3900146484375
2021-02-18,59,390.7200012207031
2021-02-19,59,390.0299987792969
2021-02-22,58,387.0299987792969
2021-02-23,57,387.5
2021-02-24,63,391.7699890136719
2021-02-25,58,382.3299865722656
2021-02-26,48,380.3599853515625
2021-03-01,58,389.5799865722656
2021-03-02,50,386.5400085449219
2021-03-03,43,381.4200134277344
2021-03-04,37,376.7000122070313
2021-03-05,41,383.6300048828125
2021-03-08,39,381.7200012207031
2021-03-09,43,387.1700134277344
2021-03-10,45,389.5799865722656
2021-03-11,50,393.5299987792969
2021-03-12,53,394.05999755859375
2021-03-15,56,396.4100036621094
2021-03-16,54,395.9100036621094
2021-03-17,57,397.260009765625
2021-03-18,52,391.4800109863281
2021-03-19,50,389.4800109863281
2021-03-22,50,392.5899963378906
2021-03-23,41,389.5
2021-03-24,37,387.5199890136719
2021-03-25,37,389.7000122070313
2021-03-26,37,395.9800109863281
2021-03-29,39,395.7799987792969
2021-03-30,42,394.7300109863281
2021-03-31,44,396.3299865722656
2021-04-01,46,400.6099853515625
2021-04-05,54,406.3599853515625
2021-04-06,53,406.1199951171875
2021-04-07,52,406.5899963378906
2021-04-08,48,408.5199890136719
2021-04-09,47,411.489990234375
2021-04-12,43,411.6400146484375
2021-04-13,43,412.8599853515625
2021-04-14,39,411.4500122070313
2021-04-15,47,415.8699951171875
2021-04-16,51,417.260009765625
2021-04-19,45,415.2099914550781
2021-04-20,42,412.1700134277344
2021-04-21,49,416.0700073242188
2021-04-22,46,412.2699890136719
2021-04-23,47,416.739990234375
2021-04-26,50,417.6099853515625
2021-04-27,54,417.5199890136719
2021-04-28,52,417.3999938964844
2021-04-29,56,420.05999755859375
2021-04-30,46,417.2999877929688
2021-05-03,47,418.2000122070313
2021-05-04,43,415.6199951171875
2021-05-05,43,415.75
2021-05-06,43,419.0700073242188
2021-05-07,48,422.1199951171875
2021-05-10,44,417.9400024414063
2021-05-11,42,414.2099914550781
2021-05-12,26,405.4100036621094
2021-05-13,34,410.2799987792969
2021-05-14,35,416.5799865722656
2021-05-17,36,415.5199890136719
2021-05-18,34,411.9400024414063
2021-05-19,32,410.8599853515625
2021-05-20,32,415.2799987792969
2021-05-21,29,414.9400024414063
2021-05-24,29,419.1700134277344
2021-05-25,26,418.239990234375
2021-05-26,28,419.0700073242188
2021-05-27,30,419.2900085449219
2021-05-28,31,420.0400085449219
2021-06-01,35,419.6700134277344
2021-06-02,42,420.3299865722656
2021-06-03,40,418.7699890136719
2021-06-04,41,422.6000061035156
2021-06-07,44,422.1900024414063
2021-06-08,46,422.2799987792969
2021-06-09,48,421.6499938964844
2021-06-10,48,423.6099853515625
2021-06-11,51,424.30999755859375
2021-06-14,54,425.260009765625
2021-06-15,52,424.4800109863281
2021-06-16,44,422.1099853515625
2021-06-17,42,421.9700012207031
2021-06-18,31,414.9200134277344
2021-06-21,32,420.8599853515625
2021-06-22,32,423.1099853515625
2021-06-23,33,422.6000061035156
2021-06-24,36,425.1000061035156
2021-06-25,41,426.6099853515625
2021-06-28,41,427.4700012207031
2021-06-29,39,427.7000122070313
2021-06-30,38,428.05999755859375
2021-07-01,38,430.4299926757813
2021-07-02,38,433.7200012207031
2021-07-06,33,432.9299926757813
2021-07-07,33,434.4599914550781
2021-07-08,26,430.9200134277344
2021-07-09,31,435.5199890136719
2021-07-12,31,437.0799865722656
2021-07-13,31,435.5899963378906
2021-07-14,29,436.239990234375
2021-07-15,27,434.75
2021-07-16,26,431.3399963378906
2021-07-19,8,424.9700012207031
2021-07-20,20,431.05999755859375
2021-07-21,24,434.5499877929688
2021-07-22,24,435.4599914550781
2021-07-23,28,439.9400024414063
2021-07-26,30,441.0199890136719
2021-07-27,27,439.010009765625
2021-07-28,27,438.8299865722656
2021-07-29,29,440.6499938964844
2021-07-30,25,438.510009765625
2021-08-02,25,437.5899963378906
2021-08-03,29,441.1499938964844
2021-08-04,28,438.9800109863281
2021-08-05,29,441.760009765625
2021-08-06,31,442.489990234375
2021-08-09,32,442.1300048828125
2021-08-10,34,442.6799926757813
2021-08-11,37,443.7799987792969
2021-08-12,43,445.1099853515625
2021-08-13,47,445.9200134277344
2021-08-16,44,446.9700012207031
2021-08-17,31,444.0400085449219
2021-08-18,18,439.1799926757813
2021-08-19,14,439.8599853515625
2021-08-20,23,443.3599853515625
2021-08-23,30,447.260009765625
2021-08-24,34,447.9700012207031
2021-08-25,36,448.9100036621094
2021-08-26,36,446.260009765625
2021-08-27,47,450.25
2021-08-30,47,452.2300109863281
2021-08-31,47,451.55999755859375
2021-09-01,43,451.7999877929688
2021-09-02,44,453.1900024414063
2021-09-03,44,453.0799865722656
2021-09-07,41,451.4599914550781
2021-09-08,38,450.9100036621094
2021-09-09,33,448.9800109863281
2021-09-10,20,445.4400024414063
2021-09-13,28,446.5799865722656
2021-09-14,24,444.1700134277344
2021-09-15,31,447.8800048828125
2021-09-16,31,447.1700134277344
2021-09-17,17,441.3999938964844
2021-09-20,11,434.0400085449219
2021-09-21,11,433.6300048828125
2021-09-22,20,437.8599853515625
2021-09-23,24,443.1799926757813
2021-09-24,23,443.9100036621094
2021-09-27,24,442.6400146484375
2021-09-28,12,433.7200012207031
2021-09-29,12,434.4500122070313
2021-09-30,9,429.1400146484375
2021-10-01,18,434.239990234375
2021-10-04,9,428.6400146484375
2021-10-05,18,433.1000061035156
2021-10-06,20,434.8999938964844
2021-10-07,24,438.6600036621094
2021-10-08,25,437.8599853515625
2021-10-11,25,434.6900024414063
2021-10-12,22,433.6199951171875
2021-10-13,24,435.1799926757813
2021-10-14,31,442.5
2021-10-15,43,445.8699951171875
2021-10-18,46,447.1900024414063
2021-10-19,53,450.6400146484375
2021-10-20,56,452.4100036621094
2021-10-21,60,453.5899963378906
2021-10-22,59,453.1199951171875
2021-10-25,62,455.5499877929688
2021-10-26,63,455.9599914550781
2021-10-27,58,453.9400024414063
2021-10-28,64,458.3200073242188
2021-10-29,65,459.25
2021-11-01,66,460.0400085449219
2021-11-02,68,461.8999938964844
2021-11-03,72,464.7200012207031
2021-11-04,72,466.9100036621094
2021-11-05,73,468.5299987792969
2021-11-08,74,468.9299926757813
2021-11-09,77,467.3800048828125
2021-11-10,73,463.6199951171875
2021-11-11,72,463.7699890136719
2021-11-12,74,467.2699890136719
2021-11-15,71,467.4299926757813
2021-11-16,72,469.2799987792969
2021-11-17,69,468.1400146484375
2021-11-18,70,469.7300109863281
2021-11-19,62,468.8900146484375
2021-11-22,60,467.5700073242188
2021-11-23,60,468.1900024414063
2021-11-24,56,469.4400024414063
2021-11-26,31,458.9700012207031
2021-11-29,38,464.6000061035156
2021-11-30,24,455.55999755859375
2021-12-01,25,450.5
2021-12-02,22,457.3999938964844
2021-12-03,20,453.4200134277344
2021-12-06,21,458.7900085449219
2021-12-07,37,468.2799987792969
2021-12-08,41,469.5199890136719
2021-12-09,36,466.3500061035156
2021-12-10,42,470.739990234375
2021-12-13,35,466.5700073242188
2021-12-14,31,463.3599853515625
2021-12-15,37,470.6000061035156
2021-12-16,33,466.4500122070313
2021-12-17,32,459.8699951171875
2021-12-20,29,454.9800109863281
2021-12-21,34,463.05999755859375
2021-12-22,39,467.6900024414063
2021-12-23,50,470.6000061035156
2021-12-27,56,477.260009765625
2021-12-28,62,476.8699951171875
2021-12-29,64,477.4800109863281
2021-12-30,63,476.1600036621094
2021-12-31,62,474.9599914550781
2022-01-03,65,477.7099914550781
2022-01-04,64,477.5499877929688
2022-01-05,51,468.3800048828125
2022-01-06,52,467.9400024414063
2022-01-07,49,466.0899963378906
2022-01-10,51,465.510009765625
2022-01-11,56,469.75
2022-01-12,55,471.0199890136719
2022-01-13,52,464.5299987792969
2022-01-14,55,464.7200012207031
2022-01-18,53,456.489990234375
2022-01-19,44,451.75
2022-01-20,39,446.75
2022-01-21,26,437.9800109863281
2022-01-24,23,439.8399963378906
2022-01-25,20,434.4700012207031
2022-01-26,19,433.3800048828125
2022-01-27,18,431.239990234375
2022-01-28,23,441.9500122070313
2022-01-31,29,449.9100036621094
2022-02-01,30,452.9500122070313
2022-02-02,28,457.3500061035156
2022-02-03,26,446.6000061035156
2022-02-04,27,448.7000122070313
2022-02-07,27,447.260009765625
2022-02-08,28,450.9400024414063
2022-02-09,32,457.5400085449219
2022-02-10,33,449.3200073242188
2022-02-11,28,440.4599914550781
2022-02-14,25,439.0199890136719
2022-02-15,29,446.1000061035156
2022-02-16,32,446.6000061035156
2022-02-17,32,437.05999755859375
2022-02-18,29,434.2300109863281
2022-02-22,28,429.5700073242188
2022-02-23,18,421.9500122070313
2022-02-24,21,428.2999877929688
2022-02-25,28,437.75
2022-02-28,25,436.6300048828125
2022-03-01,22,429.9800109863281
2022-03-02,17,437.8900146484375
2022-03-03,21,435.7099914550781
2022-03-04,18,432.1700134277344
2022-03-07,16,419.4299926757813
2022-03-08,16,416.25
2022-03-09,18,427.4100036621094
2022-03-10,17,425.4800109863281
2022-03-11,19,420.0700073242188
2022-03-14,17,417.0
2022-03-15,21,426.1700134277344
2022-03-16,25,435.6199951171875
2022-03-17,33,441.0700073242188
2022-03-18,38,444.5199890136719
2022-03-21,40,444.3900146484375
2022-03-22,44,449.5899963378906
2022-03-23,45,443.7999877929688
2022-03-24,46,450.489990234375
2022-03-25,49,452.6900024414063
2022-03-28,51,455.9100036621094
2022-03-29,52,461.5499877929688
2022-03-30,52,458.7000122070313
2022-03-31,59,451.6400146484375
2022-04-01,59,452.9200134277344
2022-04-04,61,456.7999877929688
2022-04-05,47,451.0299987792969
2022-04-06,46,446.5199890136719
2022-04-07,46,448.7699890136719
2022-04-08,46,447.5700073242188
2022-04-11,43,439.9200134277344
2022-04-12,42,438.2900085449219
2022-04-13,41,443.30999755859375
2022-04-14,39,437.7900085449219
2022-04-18,37,437.9700012207031
2022-04-19,39,445.0400085449219
2022-04-20,43,444.7099914550781
2022-04-21,38,438.05999755859375
2022-04-22,31,426.0400085449219
2022-04-25,29,428.510009765625
2022-04-26,17,416.1000061035156
2022-04-27,16,417.2699890136719
2022-04-28,24,427.80999755859375
2022-04-29,14,412.0
2022-05-02,13,414.4800109863281
2022-05-03,30,416.3800048828125
2022-05-04,22,429.05999755859375
2022-05-05,13,413.80999755859375
2022-05-06,12,411.3399963378906
2022-05-09,8,398.1700134277344
2022-05-10,7,399.0899963378906
2022-05-11,4,392.75
2022-05-12,3,392.3399963378906
2022-05-13,11,401.7200012207031
2022-05-16,11,400.0899963378906
2022-05-17,15,408.3200073242188
2022-05-18,6,391.8599853515625
2022-05-19,13,389.4599914550781
2022-05-20,12,389.6300048828125
2022-05-23,17,396.9200134277344
2022-05-24,16,393.8900146484375
2022-05-25,17,397.3699951171875
2022-05-26,24,405.30999755859375
2022-05-27,29,415.260009765625
2022-05-31,40,412.9299926757813
2022-06-01,40,409.5899963378906
2022-06-02,44,417.3900146484375
2022-06-03,35,410.5400085449219
2022-06-06,42,411.7900085449219
2022-06-07,45,415.739990234375
2022-06-08,48,411.2200012207031
2022-06-09,47,401.4400024414063
2022-06-10,40,389.7999877929688
2022-06-13,25,375.0
2022-06-14,20,373.8699951171875
2022-06-15,29,379.2000122070313
2022-06-16,17,366.6499938964844
2022-06-17,16,365.8599853515625
2022-06-21,19,375.0700073242188
2022-06-22,26,374.3900146484375
2022-06-23,26,378.05999755859375
2022-06-24,30,390.0799865722656
2022-06-27,30,388.5899963378906
2022-06-28,28,380.6499938964844
2022-06-29,26,380.3399963378906
2022-06-30,24,377.25
2022-07-01,24,381.239990234375
2022-07-05,22,381.9599914550781
2022-07-06,22,383.25
2022-07-07,27,388.989990234375
2022-07-08,31,388.6700134277344
2022-07-11,30,384.2300109863281
2022-07-12,30,380.8299865722656
2022-07-13,27,378.8299865722656
2022-07-14,26,377.9100036621094
2022-07-15,33,385.1300048828125
2022-07-18,35,381.9500122070313
2022-07-19,39,392.2699890136719
2022-07-20,44,394.7699890136719
2022-07-21,48,398.7900085449219
2022-07-22,42,395.0899963378906
2022-07-25,42,395.5700073242188
2022-07-26,42,390.8900146484375
2022-07-27,46,401.0400085449219
2022-07-28,48,406.0700073242188
2022-07-29,52,411.989990234375
2022-08-01,59,410.7699890136719
2022-08-02,57,408.05999755859375
2022-08-03,60,414.4500122070313
2022-08-04,61,414.1700134277344
2022-08-05,63,413.4700012207031
2022-08-08,64,412.989990234375
2022-08-09,64,411.3500061035156
2022-08-10,65,419.989990234375
2022-08-11,65,419.989990234375
2022-08-12,68,427.1000061035156
2022-08-15,66,428.8599853515625
2022-08-16,67,429.7000122070313
2022-08-17,67,426.6499938964844
2022-08-18,66,427.8900146484375
2022-08-19,63,422.1400146484375
2022-08-22,60,413.3500061035156
2022-08-23,57,412.3500061035156
2022-08-24,57,413.6700134277344
2022-08-25,58,419.510009765625
2022-08-26,55,405.30999755859375
2022-08-29,54,402.6300048828125
2022-08-30,49,398.2099914550781
2022-08-31,52,395.1799926757813
2022-09-01,49,396.4200134277344
2022-09-02,42,392.239990234375
2022-09-06,40,390.760009765625
2022-09-07,39,397.7799987792969
2022-09-08,40,400.3800048828125
2022-09-09,43,406.6000061035156
2022-09-12,47,410.9700012207031
2022-09-13,36,393.1000061035156
2022-09-14,41,394.6000061035156
2022-09-15,40,390.1199951171875
2022-09-16,35,385.55999755859375
2022-09-19,36,388.5499877929688
2022-09-20,36,384.0899963378906
2022-09-21,27,377.3900146484375
2022-09-22,24,374.2200012207031
2022-09-23,21,367.9500122070313
2022-09-26,17,364.30999755859375
2022-09-27,16,363.3800048828125
2022-09-28,17,370.5299987792969
2022-09-29,13,362.7900085449219
2022-09-30,16,357.17999267578125
2022-10-03,20,366.6099853515625
2022-10-04,27,377.9700012207031
2022-10-05,29,377.0899963378906
2022-10-06,23,373.2000122070313
2022-10-07,19,362.7900085449219
2022-10-10,19,360.0199890136719
2022-10-11,16,357.739990234375
2022-10-12,15,356.5599975585937
2022-10-13,19,365.9700012207031
2022-10-14,16,357.6300048828125
2022-10-17,23,366.8200073242188
2022-10-18,28,371.1300048828125
2022-10-19,29,368.5
2022-10-20,39,365.4100036621094
2022-10-21,43,374.2900085449219
2022-10-24,47,378.8699951171875
2022-10-25,51,384.9200134277344
2022-10-26,53,382.0199890136719
2022-10-27,54,379.9800109863281
2022-10-28,57,389.0199890136719
2022-10-31,64,386.2099914550781
2022-11-01,63,384.5199890136719
2022-11-02,55,374.8699951171875
2022-11-03,55,371.010009765625
2022-11-04,56,376.3500061035156
2022-11-07,59,379.9500122070313
2022-11-08,57,382.0
2022-11-09,54,374.1300048828125
2022-11-10,60,394.6900024414063
2022-11-11,63,398.510009765625
2022-11-14,62,395.1199951171875
2022-11-15,66,398.489990234375
2022-11-16,65,395.4500122070313
2022-11-17,61,394.239990234375
2022-11-18,60,396.0299987792969
2022-11-21,60,394.5899963378906
2022-11-22,60,399.8999938964844
2022-11-23,64,402.4200134277344
2022-11-25,63,402.3299865722656
2022-11-28,59,395.9100036621094
2022-11-29,58,395.2300109863281
2022-11-30,73,407.6799926757813
2022-12-01,75,407.3800048828125
2022-12-02,68,406.9100036621094
2022-12-05,65,399.5899963378906
2022-12-06,61,393.8299865722656
2022-12-07,58,393.1600036621094
2022-12-08,55,396.239990234375
2022-12-09,52,393.2799987792969
2022-12-12,57,398.9500122070313
2022-12-13,59,401.9700012207031
2022-12-14,60,399.3999938964844
2022-12-15,60,389.6300048828125
2022-12-16,44,383.2699890136719
2022-12-19,39,380.0199890136719
2022-12-20,38,380.5400085449219
2022-12-21,38,386.2300109863281
2022-12-22,37,380.7200012207031
2022-12-23,39,382.9100036621094
2022-12-27,39,381.3999938964844
2022-12-28,35,376.6600036621094
2022-12-29,37,383.4400024414063
2022-12-30,36,382.4299926757813
